scenario_id,alert_id,incident_id,is_true_alert,is_root_cause_alert
scen_000000,alt_scen_000000_00001,inc_scen_000000_02,True,True
scen_000000,alt_scen_000000_00002,inc_scen_000000_02,True,True
scen_000000,alt_scen_000000_00003,inc_scen_000000_02,True,False
scen_000000,alt_scen_000000_00004,inc_scen_000000_02,True,True
scen_000000,alt_scen_000000_00005,inc_scen_000000_02,True,True
scen_000000,alt_scen_000000_00006,inc_scen_000000_02,True,True
scen_000000,alt_scen_000000_00007,inc_scen_000000_02,True,True
scen_000000,alt_scen_000000_00008,inc_scen_000000_02,True,True
scen_000000,alt_scen_000000_00009,inc_scen_000000_02,True,True
scen_000000,alt_scen_000000_00010,inc_scen_000000_02,True,True
scen_000000,alt_scen_000000_00011,inc_scen_000000_02,True,True
scen_000000,alt_scen_000000_00012,inc_scen_000000_02,True,True
scen_000000,alt_scen_000000_00013,inc_scen_000000_02,True,True
scen_000000,alt_scen_000000_00014,inc_scen_000000_02,True,True
scen_000000,alt_scen_000000_00015,inc_scen_000000_02,True,True
scen_000000,alt_scen_000000_00016,inc_scen_000000_02,True,True
scen_000000,alt_scen_000000_00017,inc_scen_000000_02,True,True
scen_000000,alt_scen_000000_00018,inc_scen_000000_02,True,False
scen_000000,alt_scen_000000_00019,inc_scen_000000_02,True,True
scen_000000,alt_scen_000000_00020,inc_scen_000000_02,True,True
scen_000000,alt_scen_000000_00021,inc_scen_000000_02,True,True
scen_000000,alt_scen_000000_00022,inc_scen_000000_02,True,True
scen_000000,alt_scen_000000_00023,inc_scen_000000_02,True,True
scen_000000,alt_scen_000000_00024,inc_scen_000000_02,True,True
scen_000000,alt_scen_000000_00025,inc_scen_000000_02,True,True
scen_000000,alt_scen_000000_00026,inc_scen_000000_02,True,True
scen_000000,alt_scen_000000_00027,inc_scen_000000_02,True,True
scen_000000,alt_scen_000000_00028,inc_scen_000000_02,True,True
scen_000000,alt_scen_000000_00029,inc_scen_000000_02,True,True
scen_000000,alt_scen_000000_00030,inc_scen_000000_02,True,False
scen_000000,alt_scen_000000_00031,inc_scen_000000_02,True,True
scen_000000,alt_scen_000000_00032,inc_scen_000000_02,True,True
scen_000000,alt_scen_000000_00033,inc_scen_000000_02,True,True
scen_000000,alt_scen_000000_00034,inc_scen_000000_02,True,False
scen_000000,alt_scen_000000_00035,inc_scen_000000_02,True,True
scen_000000,alt_scen_000000_00036,,False,False
scen_000000,alt_scen_000000_00037,,False,False
scen_000001,alt_scen_000001_00001,,False,False
scen_000001,alt_scen_000001_00002,,False,False
scen_000001,alt_scen_000001_00003,,False,False
scen_000001,alt_scen_000001_00004,,False,False
scen_000001,alt_scen_000001_00005,,False,False
scen_000001,alt_scen_000001_00006,,False,False
scen_000002,alt_scen_000002_00001,,False,False
scen_000002,alt_scen_000002_00002,,False,False
scen_000003,alt_scen_000003_00001,,False,False
scen_000003,alt_scen_000003_00002,,False,False
scen_000003,alt_scen_000003_00003,,False,False
scen_000003,alt_scen_000003_00004,,False,False
scen_000004,alt_scen_000004_00001,,False,False
scen_000004,alt_scen_000004_00002,,False,False
scen_000004,alt_scen_000004_00003,,False,False
scen_000004,alt_scen_000004_00004,,False,False
scen_000005,alt_scen_000005_00001,,False,False
scen_000005,alt_scen_000005_00002,,False,False
scen_000005,alt_scen_000005_00003,,False,False
scen_000005,alt_scen_000005_00004,,False,False
scen_000005,alt_scen_000005_00005,,False,False
scen_000005,alt_scen_000005_00006,,False,False
scen_000006,alt_scen_000006_00001,,False,False
scen_000006,alt_scen_000006_00002,,False,False
scen_000006,alt_scen_000006_00003,,False,False
scen_000006,alt_scen_000006_00004,,False,False
scen_000006,alt_scen_000006_00005,,False,False
scen_000006,alt_scen_000006_00006,,False,False
scen_000007,alt_scen_000007_00001,,False,False
scen_000007,alt_scen_000007_00002,,False,False
scen_000007,alt_scen_000007_00003,,False,False
scen_000007,alt_scen_000007_00004,,False,False
scen_000007,alt_scen_000007_00005,,False,False
scen_000008,alt_scen_000008_00001,inc_scen_000008_02,True,True
scen_000008,alt_scen_000008_00002,inc_scen_000008_02,True,False
scen_000008,alt_scen_000008_00003,inc_scen_000008_02,True,True
scen_000008,alt_scen_000008_00004,inc_scen_000008_02,True,True
scen_000008,alt_scen_000008_00005,inc_scen_000008_02,True,True
scen_000008,alt_scen_000008_00006,inc_scen_000008_02,True,True
scen_000008,alt_scen_000008_00007,inc_scen_000008_02,True,True
scen_000008,alt_scen_000008_00008,inc_scen_000008_02,True,True
scen_000008,alt_scen_000008_00009,inc_scen_000008_02,True,True
scen_000008,alt_scen_000008_00010,inc_scen_000008_02,True,True
scen_000008,alt_scen_000008_00011,inc_scen_000008_02,True,True
scen_000008,alt_scen_000008_00012,inc_scen_000008_02,True,True
scen_000008,alt_scen_000008_00013,inc_scen_000008_02,True,True
scen_000008,alt_scen_000008_00014,inc_scen_000008_02,True,True
scen_000008,alt_scen_000008_00015,inc_scen_000008_02,True,True
scen_000008,alt_scen_000008_00016,inc_scen_000008_02,True,True
scen_000008,alt_scen_000008_00017,inc_scen_000008_02,True,True
scen_000008,alt_scen_000008_00018,inc_scen_000008_02,True,False
scen_000008,alt_scen_000008_00019,inc_scen_000008_02,True,True
scen_000008,alt_scen_000008_00020,inc_scen_000008_02,True,True
scen_000008,alt_scen_000008_00021,inc_scen_000008_02,True,True
scen_000008,alt_scen_000008_00022,inc_scen_000008_02,True,False
scen_000008,alt_scen_000008_00023,inc_scen_000008_02,True,True
scen_000008,alt_scen_000008_00024,inc_scen_000008_02,True,True
scen_000008,alt_scen_000008_00025,inc_scen_000008_02,True,True
scen_000008,alt_scen_000008_00026,inc_scen_000008_02,True,True
scen_000008,alt_scen_000008_00027,inc_scen_000008_02,True,True
scen_000008,alt_scen_000008_00028,inc_scen_000008_02,True,True
scen_000008,alt_scen_000008_00029,inc_scen_000008_02,True,True
scen_000008,alt_scen_000008_00030,inc_scen_000008_02,True,False
scen_000008,alt_scen_000008_00031,inc_scen_000008_02,True,True
scen_000008,alt_scen_000008_00032,inc_scen_000008_02,True,True
scen_000008,alt_scen_000008_00033,,False,False
scen_000008,alt_scen_000008_00034,,False,False
scen_000008,alt_scen_000008_00035,,False,False
scen_000009,alt_scen_000009_00001,inc_scen_000009_01,True,True
scen_000009,alt_scen_000009_00002,inc_scen_000009_01,True,True
scen_000009,alt_scen_000009_00003,inc_scen_000009_01,True,True
scen_000009,alt_scen_000009_00004,inc_scen_000009_01,True,True
scen_000009,alt_scen_000009_00005,inc_scen_000009_01,True,True
scen_000009,alt_scen_000009_00006,inc_scen_000009_01,True,True
scen_000009,alt_scen_000009_00007,inc_scen_000009_01,True,True
scen_000009,alt_scen_000009_00008,inc_scen_000009_01,True,True
scen_000009,alt_scen_000009_00009,inc_scen_000009_01,True,False
scen_000009,alt_scen_000009_00010,inc_scen_000009_01,True,True
scen_000009,alt_scen_000009_00011,inc_scen_000009_01,True,True
scen_000009,alt_scen_000009_00012,inc_scen_000009_01,True,False
scen_000009,alt_scen_000009_00013,inc_scen_000009_01,True,True
scen_000009,alt_scen_000009_00014,inc_scen_000009_01,True,True
scen_000009,alt_scen_000009_00015,inc_scen_000009_01,True,True
scen_000009,alt_scen_000009_00016,inc_scen_000009_01,True,True
scen_000009,alt_scen_000009_00017,inc_scen_000009_01,True,True
scen_000009,alt_scen_000009_00018,inc_scen_000009_01,True,True
scen_000009,alt_scen_000009_00019,inc_scen_000009_01,True,False
scen_000009,alt_scen_000009_00020,inc_scen_000009_01,True,True
scen_000009,alt_scen_000009_00021,inc_scen_000009_01,True,False
scen_000009,alt_scen_000009_00022,inc_scen_000009_01,True,True
scen_000009,alt_scen_000009_00023,inc_scen_000009_01,True,False
scen_000009,alt_scen_000009_00024,inc_scen_000009_01,True,True
scen_000009,alt_scen_000009_00025,inc_scen_000009_01,True,True
scen_000009,alt_scen_000009_00026,inc_scen_000009_01,True,True
scen_000009,alt_scen_000009_00027,inc_scen_000009_01,True,False
scen_000009,alt_scen_000009_00028,inc_scen_000009_01,True,True
scen_000009,alt_scen_000009_00029,inc_scen_000009_01,True,False
scen_000009,alt_scen_000009_00030,inc_scen_000009_01,True,True
scen_000009,alt_scen_000009_00031,inc_scen_000009_01,True,True
scen_000009,alt_scen_000009_00032,inc_scen_000009_01,True,False
scen_000009,alt_scen_000009_00033,inc_scen_000009_01,True,True
scen_000009,alt_scen_000009_00034,inc_scen_000009_01,True,True
scen_000009,alt_scen_000009_00035,inc_scen_000009_01,True,True
scen_000009,alt_scen_000009_00036,inc_scen_000009_01,True,True
scen_000009,alt_scen_000009_00037,inc_scen_000009_01,True,True
scen_000009,alt_scen_000009_00038,inc_scen_000009_01,True,True
scen_000009,alt_scen_000009_00039,inc_scen_000009_01,True,False
scen_000009,alt_scen_000009_00040,inc_scen_000009_01,True,True
scen_000009,alt_scen_000009_00041,inc_scen_000009_01,True,True
scen_000009,alt_scen_000009_00042,inc_scen_000009_01,True,True
scen_000009,alt_scen_000009_00043,inc_scen_000009_01,True,True
scen_000009,alt_scen_000009_00044,inc_scen_000009_01,True,True
scen_000009,alt_scen_000009_00045,inc_scen_000009_01,True,True
scen_000009,alt_scen_000009_00046,inc_scen_000009_01,True,True
scen_000009,alt_scen_000009_00047,inc_scen_000009_01,True,True
scen_000009,alt_scen_000009_00048,inc_scen_000009_01,True,False
scen_000009,alt_scen_000009_00049,inc_scen_000009_01,True,True
scen_000009,alt_scen_000009_00050,inc_scen_000009_01,True,False
scen_000009,alt_scen_000009_00051,inc_scen_000009_01,True,True
scen_000009,alt_scen_000009_00052,inc_scen_000009_01,True,False
scen_000009,alt_scen_000009_00053,inc_scen_000009_01,True,True
scen_000009,alt_scen_000009_00054,inc_scen_000009_01,True,True
scen_000009,alt_scen_000009_00055,inc_scen_000009_01,True,True
scen_000009,alt_scen_000009_00056,inc_scen_000009_01,True,False
scen_000009,alt_scen_000009_00057,inc_scen_000009_01,True,True
scen_000009,alt_scen_000009_00058,inc_scen_000009_01,True,True
scen_000009,alt_scen_000009_00059,inc_scen_000009_01,True,True
scen_000009,alt_scen_000009_00060,inc_scen_000009_01,True,True
scen_000009,alt_scen_000009_00061,inc_scen_000009_01,True,True
scen_000009,alt_scen_000009_00062,inc_scen_000009_01,True,False
scen_000009,alt_scen_000009_00063,inc_scen_000009_01,True,True
scen_000009,alt_scen_000009_00064,inc_scen_000009_01,True,True
scen_000009,alt_scen_000009_00065,inc_scen_000009_01,True,True
scen_000009,alt_scen_000009_00066,inc_scen_000009_01,True,False
scen_000009,alt_scen_000009_00067,inc_scen_000009_01,True,True
scen_000009,alt_scen_000009_00068,inc_scen_000009_01,True,True
scen_000009,alt_scen_000009_00069,inc_scen_000009_01,True,True
scen_000009,alt_scen_000009_00070,inc_scen_000009_01,True,True
scen_000009,alt_scen_000009_00071,inc_scen_000009_01,True,True
scen_000009,alt_scen_000009_00072,inc_scen_000009_01,True,True
scen_000009,alt_scen_000009_00073,inc_scen_000009_01,True,True
scen_000009,alt_scen_000009_00074,inc_scen_000009_01,True,False
scen_000009,alt_scen_000009_00075,inc_scen_000009_01,True,True
scen_000009,alt_scen_000009_00076,inc_scen_000009_01,True,True
scen_000009,alt_scen_000009_00077,inc_scen_000009_01,True,True
scen_000009,alt_scen_000009_00078,inc_scen_000009_01,True,True
scen_000009,alt_scen_000009_00079,inc_scen_000009_01,True,True
scen_000009,alt_scen_000009_00080,inc_scen_000009_01,True,True
scen_000009,alt_scen_000009_00081,inc_scen_000009_01,True,True
scen_000009,alt_scen_000009_00082,inc_scen_000009_01,True,True
scen_000009,alt_scen_000009_00083,inc_scen_000009_01,True,True
scen_000009,alt_scen_000009_00084,inc_scen_000009_01,True,False
scen_000009,alt_scen_000009_00085,inc_scen_000009_01,True,True
scen_000009,alt_scen_000009_00086,inc_scen_000009_01,True,True
scen_000009,alt_scen_000009_00087,inc_scen_000009_01,True,True
scen_000009,alt_scen_000009_00088,inc_scen_000009_01,True,True
scen_000009,alt_scen_000009_00089,inc_scen_000009_01,True,True
scen_000009,alt_scen_000009_00090,,False,False
scen_000009,alt_scen_000009_00091,,False,False
scen_000009,alt_scen_000009_00092,,False,False
scen_000009,alt_scen_000009_00093,,False,False
scen_000009,alt_scen_000009_00094,,False,False
scen_000009,alt_scen_000009_00095,,False,False
scen_000010,alt_scen_000010_00001,inc_scen_000010_01,True,True
scen_000010,alt_scen_000010_00002,inc_scen_000010_01,True,False
scen_000010,alt_scen_000010_00003,inc_scen_000010_01,True,True
scen_000010,alt_scen_000010_00004,inc_scen_000010_01,True,True
scen_000010,alt_scen_000010_00005,inc_scen_000010_01,True,False
scen_000010,alt_scen_000010_00006,inc_scen_000010_01,True,True
scen_000010,alt_scen_000010_00007,inc_scen_000010_01,True,True
scen_000010,alt_scen_000010_00008,inc_scen_000010_01,True,True
scen_000010,alt_scen_000010_00009,inc_scen_000010_01,True,True
scen_000010,alt_scen_000010_00010,inc_scen_000010_01,True,True
scen_000010,alt_scen_000010_00011,inc_scen_000010_01,True,True
scen_000010,alt_scen_000010_00012,inc_scen_000010_01,True,True
scen_000010,alt_scen_000010_00013,inc_scen_000010_01,True,True
scen_000010,alt_scen_000010_00014,inc_scen_000010_01,True,True
scen_000010,alt_scen_000010_00015,inc_scen_000010_01,True,True
scen_000010,alt_scen_000010_00016,inc_scen_000010_01,True,True
scen_000010,alt_scen_000010_00017,inc_scen_000010_01,True,True
scen_000010,alt_scen_000010_00018,inc_scen_000010_01,True,False
scen_000010,alt_scen_000010_00019,inc_scen_000010_01,True,True
scen_000010,alt_scen_000010_00020,inc_scen_000010_01,True,True
scen_000010,alt_scen_000010_00021,inc_scen_000010_01,True,True
scen_000010,alt_scen_000010_00022,inc_scen_000010_01,True,True
scen_000010,alt_scen_000010_00023,inc_scen_000010_01,True,True
scen_000010,alt_scen_000010_00024,inc_scen_000010_01,True,True
scen_000010,alt_scen_000010_00025,inc_scen_000010_01,True,True
scen_000010,alt_scen_000010_00026,inc_scen_000010_01,True,True
scen_000010,alt_scen_000010_00027,inc_scen_000010_01,True,True
scen_000010,alt_scen_000010_00028,inc_scen_000010_01,True,True
scen_000010,alt_scen_000010_00029,inc_scen_000010_01,True,True
scen_000010,alt_scen_000010_00030,inc_scen_000010_01,True,True
scen_000010,alt_scen_000010_00031,inc_scen_000010_01,True,True
scen_000010,alt_scen_000010_00032,inc_scen_000010_01,True,True
scen_000010,alt_scen_000010_00033,inc_scen_000010_01,True,True
scen_000010,alt_scen_000010_00034,inc_scen_000010_01,True,True
scen_000010,alt_scen_000010_00035,inc_scen_000010_01,True,True
scen_000010,alt_scen_000010_00036,inc_scen_000010_01,True,True
scen_000010,alt_scen_000010_00037,inc_scen_000010_01,True,True
scen_000010,alt_scen_000010_00038,,False,False
scen_000010,alt_scen_000010_00039,,False,False
scen_000010,alt_scen_000010_00040,,False,False
scen_000010,alt_scen_000010_00041,,False,False
scen_000010,alt_scen_000010_00042,,False,False
scen_000011,alt_scen_000011_00001,inc_scen_000011_01,True,True
scen_000011,alt_scen_000011_00002,inc_scen_000011_01,True,True
scen_000011,alt_scen_000011_00003,inc_scen_000011_01,True,True
scen_000011,alt_scen_000011_00004,inc_scen_000011_01,True,True
scen_000011,alt_scen_000011_00005,inc_scen_000011_01,True,True
scen_000011,alt_scen_000011_00006,inc_scen_000011_01,True,True
scen_000011,alt_scen_000011_00007,inc_scen_000011_01,True,True
scen_000011,alt_scen_000011_00008,inc_scen_000011_01,True,True
scen_000011,alt_scen_000011_00009,inc_scen_000011_01,True,True
scen_000011,alt_scen_000011_00010,inc_scen_000011_01,True,False
scen_000011,alt_scen_000011_00011,inc_scen_000011_01,True,True
scen_000011,alt_scen_000011_00012,inc_scen_000011_01,True,True
scen_000011,alt_scen_000011_00013,inc_scen_000011_01,True,False
scen_000011,alt_scen_000011_00014,inc_scen_000011_01,True,True
scen_000011,alt_scen_000011_00015,inc_scen_000011_01,True,False
scen_000011,alt_scen_000011_00016,inc_scen_000011_01,True,True
scen_000011,alt_scen_000011_00017,inc_scen_000011_01,True,True
scen_000011,alt_scen_000011_00018,inc_scen_000011_01,True,True
scen_000011,alt_scen_000011_00019,inc_scen_000011_01,True,False
scen_000011,alt_scen_000011_00020,inc_scen_000011_01,True,True
scen_000011,alt_scen_000011_00021,inc_scen_000011_01,True,True
scen_000011,alt_scen_000011_00022,inc_scen_000011_01,True,True
scen_000011,alt_scen_000011_00023,,False,False
scen_000011,alt_scen_000011_00024,,False,False
scen_000011,alt_scen_000011_00025,,False,False
scen_000011,alt_scen_000011_00026,,False,False
scen_000012,alt_scen_000012_00001,,False,False
scen_000012,alt_scen_000012_00002,,False,False
scen_000012,alt_scen_000012_00003,,False,False
scen_000012,alt_scen_000012_00004,,False,False
scen_000012,alt_scen_000012_00005,,False,False
scen_000012,alt_scen_000012_00006,,False,False
scen_000013,alt_scen_000013_00001,,False,False
scen_000013,alt_scen_000013_00002,,False,False
scen_000013,alt_scen_000013_00003,,False,False
scen_000014,alt_scen_000014_00001,,False,False
scen_000014,alt_scen_000014_00002,,False,False
scen_000014,alt_scen_000014_00003,,False,False
scen_000014,alt_scen_000014_00004,,False,False
scen_000015,alt_scen_000015_00001,,False,False
scen_000015,alt_scen_000015_00002,,False,False
scen_000015,alt_scen_000015_00003,,False,False
scen_000015,alt_scen_000015_00004,,False,False
scen_000015,alt_scen_000015_00005,,False,False
scen_000016,alt_scen_000016_00001,,False,False
scen_000016,alt_scen_000016_00002,,False,False
scen_000016,alt_scen_000016_00003,,False,False
scen_000016,alt_scen_000016_00004,,False,False
scen_000016,alt_scen_000016_00005,,False,False
scen_000017,alt_scen_000017_00001,,False,False
scen_000017,alt_scen_000017_00002,,False,False
scen_000018,alt_scen_000018_00001,,False,False
scen_000018,alt_scen_000018_00002,,False,False
scen_000018,alt_scen_000018_00003,,False,False
scen_000018,alt_scen_000018_00004,,False,False
scen_000018,alt_scen_000018_00005,,False,False
scen_000018,alt_scen_000018_00006,,False,False
scen_000019,alt_scen_000019_00001,,False,False
scen_000019,alt_scen_000019_00002,,False,False
scen_000019,alt_scen_000019_00003,,False,False
scen_000020,alt_scen_000020_00001,,False,False
scen_000020,alt_scen_000020_00002,,False,False
scen_000021,alt_scen_000021_00001,,False,False
scen_000021,alt_scen_000021_00002,,False,False
scen_000021,alt_scen_000021_00003,,False,False
scen_000022,alt_scen_000022_00001,inc_scen_000022_01,True,True
scen_000022,alt_scen_000022_00002,inc_scen_000022_01,True,True
scen_000022,alt_scen_000022_00003,inc_scen_000022_01,True,False
scen_000022,alt_scen_000022_00004,inc_scen_000022_01,True,True
scen_000022,alt_scen_000022_00005,inc_scen_000022_01,True,True
scen_000022,alt_scen_000022_00006,,False,False
scen_000022,alt_scen_000022_00007,,False,False
scen_000022,alt_scen_000022_00008,,False,False
scen_000022,alt_scen_000022_00009,,False,False
scen_000022,alt_scen_000022_00010,,False,False
scen_000022,alt_scen_000022_00011,,False,False
scen_000023,alt_scen_000023_00001,,False,False
scen_000023,alt_scen_000023_00002,,False,False
scen_000023,alt_scen_000023_00003,,False,False
scen_000023,alt_scen_000023_00004,,False,False
scen_000024,alt_scen_000024_00001,,False,False
scen_000024,alt_scen_000024_00002,,False,False
scen_000024,alt_scen_000024_00003,,False,False
scen_000024,alt_scen_000024_00004,,False,False
scen_000025,alt_scen_000025_00001,inc_scen_000025_01,True,True
scen_000025,alt_scen_000025_00002,inc_scen_000025_01,True,True
scen_000025,alt_scen_000025_00003,inc_scen_000025_01,True,False
scen_000025,alt_scen_000025_00004,inc_scen_000025_01,True,True
scen_000025,alt_scen_000025_00005,inc_scen_000025_01,True,False
scen_000025,alt_scen_000025_00006,inc_scen_000025_01,True,True
scen_000025,alt_scen_000025_00007,inc_scen_000025_01,True,False
scen_000025,alt_scen_000025_00008,inc_scen_000025_01,True,True
scen_000025,alt_scen_000025_00009,inc_scen_000025_01,True,True
scen_000025,alt_scen_000025_00010,inc_scen_000025_01,True,True
scen_000025,alt_scen_000025_00011,inc_scen_000025_01,True,True
scen_000025,alt_scen_000025_00012,inc_scen_000025_01,True,True
scen_000025,alt_scen_000025_00013,inc_scen_000025_01,True,True
scen_000025,alt_scen_000025_00014,inc_scen_000025_01,True,True
scen_000025,alt_scen_000025_00015,inc_scen_000025_01,True,False
scen_000025,alt_scen_000025_00016,inc_scen_000025_01,True,True
scen_000025,alt_scen_000025_00017,inc_scen_000025_01,True,True
scen_000025,alt_scen_000025_00018,inc_scen_000025_01,True,False
scen_000025,alt_scen_000025_00019,inc_scen_000025_01,True,True
scen_000025,alt_scen_000025_00020,inc_scen_000025_01,True,True
scen_000025,alt_scen_000025_00021,inc_scen_000025_01,True,True
scen_000025,alt_scen_000025_00022,inc_scen_000025_01,True,True
scen_000025,alt_scen_000025_00023,inc_scen_000025_01,True,True
scen_000025,alt_scen_000025_00024,inc_scen_000025_01,True,True
scen_000025,alt_scen_000025_00025,inc_scen_000025_01,True,True
scen_000025,alt_scen_000025_00026,,False,False
scen_000025,alt_scen_000025_00027,,False,False
scen_000025,alt_scen_000025_00028,,False,False
scen_000026,alt_scen_000026_00001,,False,False
scen_000026,alt_scen_000026_00002,,False,False
scen_000026,alt_scen_000026_00003,,False,False
scen_000026,alt_scen_000026_00004,,False,False
scen_000027,alt_scen_000027_00001,,False,False
scen_000027,alt_scen_000027_00002,,False,False
scen_000027,alt_scen_000027_00003,,False,False
scen_000027,alt_scen_000027_00004,,False,False
scen_000027,alt_scen_000027_00005,,False,False
scen_000027,alt_scen_000027_00006,,False,False
scen_000028,alt_scen_000028_00001,,False,False
scen_000028,alt_scen_000028_00002,,False,False
scen_000028,alt_scen_000028_00003,,False,False
scen_000029,alt_scen_000029_00001,,False,False
scen_000029,alt_scen_000029_00002,,False,False
scen_000029,alt_scen_000029_00003,,False,False
scen_000029,alt_scen_000029_00004,,False,False
scen_000030,alt_scen_000030_00001,inc_scen_000030_01,True,True
scen_000030,alt_scen_000030_00002,inc_scen_000030_01,True,True
scen_000030,alt_scen_000030_00003,inc_scen_000030_01,True,True
scen_000030,alt_scen_000030_00004,inc_scen_000030_01,True,False
scen_000030,alt_scen_000030_00005,inc_scen_000030_01,True,True
scen_000030,alt_scen_000030_00006,inc_scen_000030_01,True,True
scen_000030,alt_scen_000030_00007,inc_scen_000030_01,True,True
scen_000030,alt_scen_000030_00008,inc_scen_000030_01,True,True
scen_000030,alt_scen_000030_00009,inc_scen_000030_01,True,True
scen_000030,alt_scen_000030_00010,inc_scen_000030_01,True,True
scen_000030,alt_scen_000030_00011,inc_scen_000030_01,True,True
scen_000030,alt_scen_000030_00012,inc_scen_000030_01,True,True
scen_000030,alt_scen_000030_00013,inc_scen_000030_01,True,False
scen_000030,alt_scen_000030_00014,inc_scen_000030_01,True,True
scen_000030,alt_scen_000030_00015,inc_scen_000030_01,True,True
scen_000030,alt_scen_000030_00016,inc_scen_000030_01,True,False
scen_000030,alt_scen_000030_00017,inc_scen_000030_01,True,True
scen_000030,alt_scen_000030_00018,inc_scen_000030_01,True,True
scen_000030,alt_scen_000030_00019,inc_scen_000030_01,True,True
scen_000030,alt_scen_000030_00020,inc_scen_000030_01,True,True
scen_000030,alt_scen_000030_00021,inc_scen_000030_01,True,True
scen_000030,alt_scen_000030_00022,inc_scen_000030_01,True,True
scen_000030,alt_scen_000030_00023,inc_scen_000030_01,True,True
scen_000030,alt_scen_000030_00024,inc_scen_000030_01,True,True
scen_000030,alt_scen_000030_00025,inc_scen_000030_01,True,True
scen_000030,alt_scen_000030_00026,inc_scen_000030_01,True,True
scen_000030,alt_scen_000030_00027,inc_scen_000030_01,True,True
scen_000030,alt_scen_000030_00028,inc_scen_000030_01,True,False
scen_000030,alt_scen_000030_00029,inc_scen_000030_01,True,True
scen_000030,alt_scen_000030_00030,inc_scen_000030_01,True,True
scen_000030,alt_scen_000030_00031,inc_scen_000030_01,True,True
scen_000030,alt_scen_000030_00032,inc_scen_000030_01,True,True
scen_000030,alt_scen_000030_00033,inc_scen_000030_01,True,True
scen_000030,alt_scen_000030_00034,inc_scen_000030_01,True,False
scen_000030,alt_scen_000030_00035,inc_scen_000030_01,True,True
scen_000030,alt_scen_000030_00036,inc_scen_000030_01,True,True
scen_000030,alt_scen_000030_00037,inc_scen_000030_01,True,True
scen_000030,alt_scen_000030_00038,inc_scen_000030_01,True,True
scen_000030,alt_scen_000030_00039,inc_scen_000030_01,True,True
scen_000030,alt_scen_000030_00040,inc_scen_000030_01,True,True
scen_000030,alt_scen_000030_00041,inc_scen_000030_01,True,True
scen_000030,alt_scen_000030_00042,inc_scen_000030_01,True,True
scen_000030,alt_scen_000030_00043,inc_scen_000030_01,True,True
scen_000030,alt_scen_000030_00044,inc_scen_000030_01,True,True
scen_000030,alt_scen_000030_00045,inc_scen_000030_01,True,True
scen_000030,alt_scen_000030_00046,inc_scen_000030_01,True,True
scen_000030,alt_scen_000030_00047,inc_scen_000030_01,True,True
scen_000030,alt_scen_000030_00048,inc_scen_000030_01,True,False
scen_000030,alt_scen_000030_00049,inc_scen_000030_01,True,True
scen_000030,alt_scen_000030_00050,inc_scen_000030_01,True,True
scen_000030,alt_scen_000030_00051,inc_scen_000030_01,True,True
scen_000030,alt_scen_000030_00052,inc_scen_000030_01,True,True
scen_000030,alt_scen_000030_00053,inc_scen_000030_01,True,True
scen_000030,alt_scen_000030_00054,inc_scen_000030_01,True,True
scen_000030,alt_scen_000030_00055,inc_scen_000030_01,True,False
scen_000030,alt_scen_000030_00056,inc_scen_000030_01,True,True
scen_000030,alt_scen_000030_00057,inc_scen_000030_01,True,True
scen_000030,alt_scen_000030_00058,inc_scen_000030_01,True,True
scen_000030,alt_scen_000030_00059,inc_scen_000030_01,True,True
scen_000030,alt_scen_000030_00060,inc_scen_000030_01,True,True
scen_000030,alt_scen_000030_00061,inc_scen_000030_01,True,True
scen_000030,alt_scen_000030_00062,inc_scen_000030_01,True,True
scen_000030,alt_scen_000030_00063,inc_scen_000030_01,True,True
scen_000030,alt_scen_000030_00064,,False,False
scen_000030,alt_scen_000030_00065,,False,False
scen_000030,alt_scen_000030_00066,,False,False
scen_000030,alt_scen_000030_00067,,False,False
scen_000030,alt_scen_000030_00068,,False,False
scen_000031,alt_scen_000031_00001,,False,False
scen_000031,alt_scen_000031_00002,,False,False
scen_000031,alt_scen_000031_00003,,False,False
scen_000031,alt_scen_000031_00004,,False,False
scen_000031,alt_scen_000031_00005,,False,False
scen_000032,alt_scen_000032_00001,,False,False
scen_000032,alt_scen_000032_00002,,False,False
scen_000032,alt_scen_000032_00003,,False,False
scen_000033,alt_scen_000033_00001,,False,False
scen_000033,alt_scen_000033_00002,,False,False
scen_000033,alt_scen_000033_00003,,False,False
scen_000033,alt_scen_000033_00004,,False,False
scen_000034,alt_scen_000034_00001,,False,False
scen_000034,alt_scen_000034_00002,,False,False
scen_000034,alt_scen_000034_00003,,False,False
scen_000034,alt_scen_000034_00004,,False,False
scen_000035,alt_scen_000035_00001,,False,False
scen_000035,alt_scen_000035_00002,,False,False
scen_000035,alt_scen_000035_00003,,False,False
scen_000035,alt_scen_000035_00004,,False,False
scen_000036,alt_scen_000036_00001,,False,False
scen_000036,alt_scen_000036_00002,,False,False
scen_000036,alt_scen_000036_00003,,False,False
scen_000036,alt_scen_000036_00004,,False,False
scen_000036,alt_scen_000036_00005,,False,False
scen_000036,alt_scen_000036_00006,,False,False
scen_000037,alt_scen_000037_00001,,False,False
scen_000037,alt_scen_000037_00002,,False,False
scen_000037,alt_scen_000037_00003,,False,False
scen_000038,alt_scen_000038_00001,inc_scen_000038_01,True,True
scen_000038,alt_scen_000038_00002,inc_scen_000038_01,True,True
scen_000038,alt_scen_000038_00003,inc_scen_000038_01,True,True
scen_000038,alt_scen_000038_00004,inc_scen_000038_01,True,True
scen_000038,alt_scen_000038_00005,inc_scen_000038_01,True,True
scen_000038,alt_scen_000038_00006,inc_scen_000038_01,True,False
scen_000038,alt_scen_000038_00007,inc_scen_000038_01,True,True
scen_000038,alt_scen_000038_00008,inc_scen_000038_01,True,True
scen_000038,alt_scen_000038_00009,inc_scen_000038_01,True,True
scen_000038,alt_scen_000038_00010,inc_scen_000038_01,True,True
scen_000038,alt_scen_000038_00011,inc_scen_000038_01,True,True
scen_000038,alt_scen_000038_00012,inc_scen_000038_01,True,True
scen_000038,alt_scen_000038_00013,inc_scen_000038_01,True,True
scen_000038,alt_scen_000038_00014,inc_scen_000038_01,True,False
scen_000038,alt_scen_000038_00015,inc_scen_000038_01,True,True
scen_000038,alt_scen_000038_00016,inc_scen_000038_01,True,True
scen_000038,alt_scen_000038_00017,inc_scen_000038_01,True,True
scen_000038,alt_scen_000038_00018,inc_scen_000038_01,True,True
scen_000038,alt_scen_000038_00019,inc_scen_000038_01,True,True
scen_000038,alt_scen_000038_00020,inc_scen_000038_01,True,True
scen_000038,alt_scen_000038_00021,inc_scen_000038_01,True,False
scen_000038,alt_scen_000038_00022,inc_scen_000038_01,True,True
scen_000038,alt_scen_000038_00023,inc_scen_000038_01,True,True
scen_000038,alt_scen_000038_00024,inc_scen_000038_01,True,True
scen_000038,alt_scen_000038_00025,inc_scen_000038_01,True,True
scen_000038,alt_scen_000038_00026,inc_scen_000038_01,True,True
scen_000038,alt_scen_000038_00027,inc_scen_000038_01,True,True
scen_000038,alt_scen_000038_00028,inc_scen_000038_01,True,True
scen_000038,alt_scen_000038_00029,inc_scen_000038_01,True,True
scen_000038,alt_scen_000038_00030,inc_scen_000038_01,True,True
scen_000038,alt_scen_000038_00031,inc_scen_000038_01,True,True
scen_000038,alt_scen_000038_00032,inc_scen_000038_01,True,True
scen_000038,alt_scen_000038_00033,inc_scen_000038_01,True,False
scen_000038,alt_scen_000038_00034,inc_scen_000038_01,True,True
scen_000038,alt_scen_000038_00035,inc_scen_000038_01,True,True
scen_000038,alt_scen_000038_00036,inc_scen_000038_01,True,True
scen_000038,alt_scen_000038_00037,inc_scen_000038_01,True,True
scen_000038,alt_scen_000038_00038,inc_scen_000038_01,True,True
scen_000038,alt_scen_000038_00039,inc_scen_000038_01,True,True
scen_000038,alt_scen_000038_00040,inc_scen_000038_01,True,True
scen_000038,alt_scen_000038_00041,inc_scen_000038_01,True,True
scen_000038,alt_scen_000038_00042,inc_scen_000038_01,True,True
scen_000038,alt_scen_000038_00043,inc_scen_000038_01,True,True
scen_000038,alt_scen_000038_00044,inc_scen_000038_01,True,True
scen_000038,alt_scen_000038_00045,inc_scen_000038_01,True,True
scen_000038,alt_scen_000038_00046,inc_scen_000038_01,True,True
scen_000038,alt_scen_000038_00047,inc_scen_000038_01,True,True
scen_000038,alt_scen_000038_00048,inc_scen_000038_01,True,True
scen_000038,alt_scen_000038_00049,inc_scen_000038_01,True,True
scen_000038,alt_scen_000038_00050,inc_scen_000038_01,True,True
scen_000038,alt_scen_000038_00051,inc_scen_000038_01,True,True
scen_000038,alt_scen_000038_00052,,False,False
scen_000038,alt_scen_000038_00053,,False,False
scen_000038,alt_scen_000038_00054,,False,False
scen_000038,alt_scen_000038_00055,,False,False
scen_000038,alt_scen_000038_00056,,False,False
scen_000038,alt_scen_000038_00057,,False,False
scen_000039,alt_scen_000039_00001,,False,False
scen_000039,alt_scen_000039_00002,,False,False
scen_000039,alt_scen_000039_00003,,False,False
scen_000039,alt_scen_000039_00004,,False,False
scen_000040,alt_scen_000040_00001,,False,False
scen_000040,alt_scen_000040_00002,,False,False
scen_000040,alt_scen_000040_00003,,False,False
scen_000041,alt_scen_000041_00001,inc_scen_000041_01,True,True
scen_000041,alt_scen_000041_00002,inc_scen_000041_01,True,True
scen_000041,alt_scen_000041_00003,inc_scen_000041_01,True,True
scen_000041,alt_scen_000041_00004,inc_scen_000041_01,True,False
scen_000041,alt_scen_000041_00005,inc_scen_000041_01,True,True
scen_000041,alt_scen_000041_00006,inc_scen_000041_01,True,True
scen_000041,alt_scen_000041_00007,inc_scen_000041_01,True,True
scen_000041,alt_scen_000041_00008,inc_scen_000041_01,True,True
scen_000041,alt_scen_000041_00009,inc_scen_000041_01,True,False
scen_000041,alt_scen_000041_00010,inc_scen_000041_01,True,True
scen_000041,alt_scen_000041_00011,inc_scen_000041_01,True,True
scen_000041,alt_scen_000041_00012,inc_scen_000041_01,True,True
scen_000041,alt_scen_000041_00013,inc_scen_000041_01,True,True
scen_000041,alt_scen_000041_00014,inc_scen_000041_01,True,True
scen_000041,alt_scen_000041_00015,inc_scen_000041_01,True,True
scen_000041,alt_scen_000041_00016,inc_scen_000041_01,True,True
scen_000041,alt_scen_000041_00017,inc_scen_000041_01,True,True
scen_000041,alt_scen_000041_00018,inc_scen_000041_01,True,True
scen_000041,alt_scen_000041_00019,inc_scen_000041_01,True,True
scen_000041,alt_scen_000041_00020,inc_scen_000041_01,True,True
scen_000041,alt_scen_000041_00021,inc_scen_000041_01,True,True
scen_000041,alt_scen_000041_00022,inc_scen_000041_01,True,False
scen_000041,alt_scen_000041_00023,inc_scen_000041_01,True,True
scen_000041,alt_scen_000041_00024,inc_scen_000041_01,True,True
scen_000041,alt_scen_000041_00025,inc_scen_000041_01,True,True
scen_000041,alt_scen_000041_00026,inc_scen_000041_01,True,True
scen_000041,alt_scen_000041_00027,inc_scen_000041_01,True,True
scen_000041,alt_scen_000041_00028,inc_scen_000041_01,True,True
scen_000041,alt_scen_000041_00029,inc_scen_000041_01,True,True
scen_000041,alt_scen_000041_00030,inc_scen_000041_01,True,True
scen_000041,alt_scen_000041_00031,inc_scen_000041_01,True,True
scen_000041,alt_scen_000041_00032,inc_scen_000041_01,True,True
scen_000041,alt_scen_000041_00033,inc_scen_000041_01,True,True
scen_000041,alt_scen_000041_00034,inc_scen_000041_01,True,True
scen_000041,alt_scen_000041_00035,inc_scen_000041_01,True,False
scen_000041,alt_scen_000041_00036,inc_scen_000041_01,True,True
scen_000041,alt_scen_000041_00037,inc_scen_000041_01,True,True
scen_000041,alt_scen_000041_00038,inc_scen_000041_01,True,True
scen_000041,alt_scen_000041_00039,inc_scen_000041_01,True,False
scen_000041,alt_scen_000041_00040,inc_scen_000041_01,True,True
scen_000041,alt_scen_000041_00041,inc_scen_000041_01,True,True
scen_000041,alt_scen_000041_00042,inc_scen_000041_01,True,True
scen_000041,alt_scen_000041_00043,inc_scen_000041_01,True,True
scen_000041,alt_scen_000041_00044,inc_scen_000041_01,True,True
scen_000041,alt_scen_000041_00045,inc_scen_000041_01,True,True
scen_000041,alt_scen_000041_00046,inc_scen_000041_01,True,True
scen_000041,alt_scen_000041_00047,inc_scen_000041_01,True,False
scen_000041,alt_scen_000041_00048,inc_scen_000041_01,True,True
scen_000041,alt_scen_000041_00049,inc_scen_000041_01,True,True
scen_000041,alt_scen_000041_00050,inc_scen_000041_01,True,True
scen_000041,alt_scen_000041_00051,inc_scen_000041_01,True,True
scen_000041,alt_scen_000041_00052,inc_scen_000041_01,True,True
scen_000041,alt_scen_000041_00053,inc_scen_000041_01,True,True
scen_000041,alt_scen_000041_00054,inc_scen_000041_01,True,True
scen_000041,alt_scen_000041_00055,inc_scen_000041_01,True,True
scen_000041,alt_scen_000041_00056,inc_scen_000041_01,True,True
scen_000041,alt_scen_000041_00057,inc_scen_000041_01,True,True
scen_000041,alt_scen_000041_00058,inc_scen_000041_01,True,True
scen_000041,alt_scen_000041_00059,inc_scen_000041_01,True,True
scen_000041,alt_scen_000041_00060,inc_scen_000041_01,True,True
scen_000041,alt_scen_000041_00061,inc_scen_000041_01,True,True
scen_000041,alt_scen_000041_00062,inc_scen_000041_01,True,True
scen_000041,alt_scen_000041_00063,inc_scen_000041_01,True,True
scen_000041,alt_scen_000041_00064,inc_scen_000041_01,True,True
scen_000041,alt_scen_000041_00065,inc_scen_000041_01,True,True
scen_000041,alt_scen_000041_00066,inc_scen_000041_01,True,True
scen_000041,alt_scen_000041_00067,,False,False
scen_000041,alt_scen_000041_00068,,False,False
scen_000041,alt_scen_000041_00069,,False,False
scen_000041,alt_scen_000041_00070,,False,False
scen_000042,alt_scen_000042_00001,,False,False
scen_000042,alt_scen_000042_00002,,False,False
scen_000043,alt_scen_000043_00001,,False,False
scen_000043,alt_scen_000043_00002,,False,False
scen_000043,alt_scen_000043_00003,,False,False
scen_000044,alt_scen_000044_00001,,False,False
scen_000044,alt_scen_000044_00002,,False,False
scen_000044,alt_scen_000044_00003,,False,False
scen_000044,alt_scen_000044_00004,,False,False
scen_000045,alt_scen_000045_00001,,False,False
scen_000045,alt_scen_000045_00002,,False,False
scen_000046,alt_scen_000046_00001,,False,False
scen_000046,alt_scen_000046_00002,,False,False
scen_000046,alt_scen_000046_00003,,False,False
scen_000046,alt_scen_000046_00004,,False,False
scen_000046,alt_scen_000046_00005,,False,False
scen_000047,alt_scen_000047_00001,inc_scen_000047_01,True,True
scen_000047,alt_scen_000047_00002,inc_scen_000047_01,True,True
scen_000047,alt_scen_000047_00003,inc_scen_000047_01,True,True
scen_000047,alt_scen_000047_00004,inc_scen_000047_01,True,True
scen_000047,alt_scen_000047_00005,inc_scen_000047_01,True,True
scen_000047,alt_scen_000047_00006,inc_scen_000047_01,True,True
scen_000047,alt_scen_000047_00007,inc_scen_000047_01,True,True
scen_000047,alt_scen_000047_00008,inc_scen_000047_01,True,True
scen_000047,alt_scen_000047_00009,inc_scen_000047_01,True,False
scen_000047,alt_scen_000047_00010,inc_scen_000047_01,True,True
scen_000047,alt_scen_000047_00011,inc_scen_000047_01,True,True
scen_000047,alt_scen_000047_00012,inc_scen_000047_01,True,True
scen_000047,alt_scen_000047_00013,inc_scen_000047_01,True,True
scen_000047,alt_scen_000047_00014,inc_scen_000047_01,True,False
scen_000047,alt_scen_000047_00015,inc_scen_000047_01,True,True
scen_000047,alt_scen_000047_00016,inc_scen_000047_01,True,True
scen_000047,alt_scen_000047_00017,inc_scen_000047_01,True,True
scen_000047,alt_scen_000047_00018,inc_scen_000047_01,True,False
scen_000047,alt_scen_000047_00019,inc_scen_000047_01,True,True
scen_000047,alt_scen_000047_00020,inc_scen_000047_01,True,True
scen_000047,alt_scen_000047_00021,inc_scen_000047_01,True,True
scen_000047,alt_scen_000047_00022,inc_scen_000047_01,True,True
scen_000047,alt_scen_000047_00023,inc_scen_000047_01,True,True
scen_000047,alt_scen_000047_00024,inc_scen_000047_01,True,False
scen_000047,alt_scen_000047_00025,inc_scen_000047_01,True,True
scen_000047,alt_scen_000047_00026,inc_scen_000047_01,True,True
scen_000047,alt_scen_000047_00027,inc_scen_000047_01,True,True
scen_000047,alt_scen_000047_00028,inc_scen_000047_01,True,False
scen_000047,alt_scen_000047_00029,inc_scen_000047_01,True,True
scen_000047,alt_scen_000047_00030,inc_scen_000047_01,True,True
scen_000047,alt_scen_000047_00031,inc_scen_000047_01,True,True
scen_000047,alt_scen_000047_00032,inc_scen_000047_01,True,True
scen_000047,alt_scen_000047_00033,inc_scen_000047_01,True,False
scen_000047,alt_scen_000047_00034,inc_scen_000047_01,True,True
scen_000047,alt_scen_000047_00035,inc_scen_000047_01,True,True
scen_000047,alt_scen_000047_00036,inc_scen_000047_01,True,True
scen_000047,alt_scen_000047_00037,inc_scen_000047_01,True,True
scen_000047,alt_scen_000047_00038,inc_scen_000047_01,True,False
scen_000047,alt_scen_000047_00039,inc_scen_000047_01,True,True
scen_000047,alt_scen_000047_00040,inc_scen_000047_01,True,True
scen_000047,alt_scen_000047_00041,inc_scen_000047_01,True,True
scen_000047,alt_scen_000047_00042,,False,False
scen_000047,alt_scen_000047_00043,,False,False
scen_000047,alt_scen_000047_00044,,False,False
scen_000047,alt_scen_000047_00045,,False,False
scen_000047,alt_scen_000047_00046,,False,False
scen_000047,alt_scen_000047_00047,,False,False
scen_000048,alt_scen_000048_00001,,False,False
scen_000048,alt_scen_000048_00002,,False,False
scen_000048,alt_scen_000048_00003,,False,False
scen_000048,alt_scen_000048_00004,,False,False
scen_000049,alt_scen_000049_00001,,False,False
scen_000049,alt_scen_000049_00002,,False,False
scen_000049,alt_scen_000049_00003,,False,False
scen_000050,alt_scen_000050_00001,inc_scen_000050_01,True,True
scen_000050,alt_scen_000050_00002,inc_scen_000050_01,True,False
scen_000050,alt_scen_000050_00003,inc_scen_000050_01,True,True
scen_000050,alt_scen_000050_00004,inc_scen_000050_01,True,False
scen_000050,alt_scen_000050_00005,inc_scen_000050_01,True,True
scen_000050,alt_scen_000050_00006,inc_scen_000050_01,True,True
scen_000050,alt_scen_000050_00007,inc_scen_000050_01,True,True
scen_000050,alt_scen_000050_00008,inc_scen_000050_01,True,True
scen_000050,alt_scen_000050_00009,inc_scen_000050_01,True,True
scen_000050,alt_scen_000050_00010,inc_scen_000050_01,True,True
scen_000050,alt_scen_000050_00011,inc_scen_000050_01,True,True
scen_000050,alt_scen_000050_00012,inc_scen_000050_01,True,True
scen_000050,alt_scen_000050_00013,inc_scen_000050_01,True,True
scen_000050,alt_scen_000050_00014,inc_scen_000050_01,True,True
scen_000050,alt_scen_000050_00015,inc_scen_000050_01,True,True
scen_000050,alt_scen_000050_00016,inc_scen_000050_01,True,True
scen_000050,alt_scen_000050_00017,inc_scen_000050_01,True,True
scen_000050,alt_scen_000050_00018,inc_scen_000050_01,True,True
scen_000050,alt_scen_000050_00019,inc_scen_000050_01,True,True
scen_000050,alt_scen_000050_00020,inc_scen_000050_01,True,False
scen_000050,alt_scen_000050_00021,inc_scen_000050_01,True,True
scen_000050,alt_scen_000050_00022,inc_scen_000050_01,True,True
scen_000050,alt_scen_000050_00023,inc_scen_000050_01,True,False
scen_000050,alt_scen_000050_00024,inc_scen_000050_01,True,True
scen_000050,alt_scen_000050_00025,inc_scen_000050_01,True,True
scen_000050,alt_scen_000050_00026,inc_scen_000050_01,True,True
scen_000050,alt_scen_000050_00027,inc_scen_000050_01,True,False
scen_000050,alt_scen_000050_00028,inc_scen_000050_01,True,True
scen_000050,alt_scen_000050_00029,inc_scen_000050_01,True,True
scen_000050,alt_scen_000050_00030,inc_scen_000050_01,True,False
scen_000050,alt_scen_000050_00031,inc_scen_000050_01,True,True
scen_000050,alt_scen_000050_00032,inc_scen_000050_01,True,False
scen_000050,alt_scen_000050_00033,inc_scen_000050_01,True,True
scen_000050,alt_scen_000050_00034,inc_scen_000050_01,True,True
scen_000050,alt_scen_000050_00035,inc_scen_000050_01,True,True
scen_000050,alt_scen_000050_00036,inc_scen_000050_01,True,True
scen_000050,alt_scen_000050_00037,inc_scen_000050_01,True,True
scen_000050,alt_scen_000050_00038,inc_scen_000050_01,True,True
scen_000050,alt_scen_000050_00039,inc_scen_000050_01,True,True
scen_000050,alt_scen_000050_00040,inc_scen_000050_01,True,False
scen_000050,alt_scen_000050_00041,inc_scen_000050_01,True,True
scen_000050,alt_scen_000050_00042,inc_scen_000050_01,True,True
scen_000050,alt_scen_000050_00043,inc_scen_000050_01,True,True
scen_000050,alt_scen_000050_00044,inc_scen_000050_01,True,False
scen_000050,alt_scen_000050_00045,inc_scen_000050_01,True,True
scen_000050,alt_scen_000050_00046,inc_scen_000050_01,True,True
scen_000050,alt_scen_000050_00047,inc_scen_000050_01,True,True
scen_000050,alt_scen_000050_00048,inc_scen_000050_01,True,True
scen_000050,alt_scen_000050_00049,inc_scen_000050_01,True,False
scen_000050,alt_scen_000050_00050,inc_scen_000050_01,True,True
scen_000050,alt_scen_000050_00051,inc_scen_000050_01,True,True
scen_000050,alt_scen_000050_00052,inc_scen_000050_01,True,True
scen_000050,alt_scen_000050_00053,inc_scen_000050_01,True,True
scen_000050,alt_scen_000050_00054,inc_scen_000050_01,True,False
scen_000050,alt_scen_000050_00055,inc_scen_000050_01,True,True
scen_000050,alt_scen_000050_00056,inc_scen_000050_01,True,False
scen_000050,alt_scen_000050_00057,inc_scen_000050_01,True,True
scen_000050,alt_scen_000050_00058,inc_scen_000050_01,True,True
scen_000050,alt_scen_000050_00059,inc_scen_000050_01,True,False
scen_000050,alt_scen_000050_00060,,False,False
scen_000050,alt_scen_000050_00061,,False,False
scen_000050,alt_scen_000050_00062,,False,False
scen_000050,alt_scen_000050_00063,,False,False
scen_000050,alt_scen_000050_00064,,False,False
scen_000050,alt_scen_000050_00065,,False,False
scen_000051,alt_scen_000051_00001,,False,False
scen_000051,alt_scen_000051_00002,,False,False
scen_000051,alt_scen_000051_00003,,False,False
scen_000051,alt_scen_000051_00004,,False,False
scen_000051,alt_scen_000051_00005,,False,False
scen_000051,alt_scen_000051_00006,,False,False
scen_000052,alt_scen_000052_00001,,False,False
scen_000052,alt_scen_000052_00002,,False,False
scen_000052,alt_scen_000052_00003,,False,False
scen_000052,alt_scen_000052_00004,,False,False
scen_000053,alt_scen_000053_00001,,False,False
scen_000053,alt_scen_000053_00002,,False,False
scen_000053,alt_scen_000053_00003,,False,False
scen_000053,alt_scen_000053_00004,,False,False
scen_000053,alt_scen_000053_00005,,False,False
scen_000053,alt_scen_000053_00006,,False,False
scen_000054,alt_scen_000054_00001,,False,False
scen_000054,alt_scen_000054_00002,,False,False
scen_000054,alt_scen_000054_00003,,False,False
scen_000054,alt_scen_000054_00004,,False,False
scen_000055,alt_scen_000055_00001,,False,False
scen_000055,alt_scen_000055_00002,,False,False
scen_000056,alt_scen_000056_00001,,False,False
scen_000056,alt_scen_000056_00002,,False,False
scen_000057,alt_scen_000057_00001,inc_scen_000057_01,True,True
scen_000057,alt_scen_000057_00002,inc_scen_000057_01,True,True
scen_000057,alt_scen_000057_00003,inc_scen_000057_01,True,True
scen_000057,alt_scen_000057_00004,inc_scen_000057_01,True,True
scen_000057,alt_scen_000057_00005,inc_scen_000057_01,True,True
scen_000057,alt_scen_000057_00006,inc_scen_000057_01,True,True
scen_000057,alt_scen_000057_00007,inc_scen_000057_01,True,False
scen_000057,alt_scen_000057_00008,inc_scen_000057_01,True,True
scen_000057,alt_scen_000057_00009,inc_scen_000057_01,True,True
scen_000057,alt_scen_000057_00010,inc_scen_000057_01,True,True
scen_000057,alt_scen_000057_00011,inc_scen_000057_01,True,False
scen_000057,alt_scen_000057_00012,inc_scen_000057_01,True,True
scen_000057,alt_scen_000057_00013,inc_scen_000057_01,True,True
scen_000057,alt_scen_000057_00014,inc_scen_000057_01,True,True
scen_000057,alt_scen_000057_00015,inc_scen_000057_01,True,True
scen_000057,alt_scen_000057_00016,inc_scen_000057_01,True,True
scen_000057,alt_scen_000057_00017,inc_scen_000057_01,True,True
scen_000057,alt_scen_000057_00018,inc_scen_000057_01,True,True
scen_000057,alt_scen_000057_00019,inc_scen_000057_01,True,True
scen_000057,alt_scen_000057_00020,inc_scen_000057_01,True,True
scen_000057,alt_scen_000057_00021,inc_scen_000057_01,True,True
scen_000057,alt_scen_000057_00022,inc_scen_000057_01,True,True
scen_000057,alt_scen_000057_00023,inc_scen_000057_01,True,True
scen_000057,alt_scen_000057_00024,inc_scen_000057_01,True,True
scen_000057,alt_scen_000057_00025,inc_scen_000057_01,True,True
scen_000057,alt_scen_000057_00026,inc_scen_000057_01,True,True
scen_000057,alt_scen_000057_00027,inc_scen_000057_01,True,True
scen_000057,alt_scen_000057_00028,inc_scen_000057_01,True,True
scen_000057,alt_scen_000057_00029,inc_scen_000057_01,True,True
scen_000057,alt_scen_000057_00030,inc_scen_000057_01,True,True
scen_000057,alt_scen_000057_00031,inc_scen_000057_01,True,True
scen_000057,alt_scen_000057_00032,inc_scen_000057_01,True,True
scen_000057,alt_scen_000057_00033,inc_scen_000057_01,True,True
scen_000057,alt_scen_000057_00034,inc_scen_000057_01,True,True
scen_000057,alt_scen_000057_00035,inc_scen_000057_01,True,True
scen_000057,alt_scen_000057_00036,inc_scen_000057_01,True,True
scen_000057,alt_scen_000057_00037,inc_scen_000057_01,True,True
scen_000057,alt_scen_000057_00038,inc_scen_000057_01,True,True
scen_000057,alt_scen_000057_00039,inc_scen_000057_01,True,True
scen_000057,alt_scen_000057_00040,inc_scen_000057_01,True,True
scen_000057,alt_scen_000057_00041,inc_scen_000057_01,True,True
scen_000057,alt_scen_000057_00042,,False,False
scen_000057,alt_scen_000057_00043,,False,False
scen_000057,alt_scen_000057_00044,,False,False
scen_000058,alt_scen_000058_00001,,False,False
scen_000058,alt_scen_000058_00002,,False,False
scen_000059,alt_scen_000059_00001,,False,False
scen_000059,alt_scen_000059_00002,,False,False
scen_000059,alt_scen_000059_00003,,False,False
scen_000059,alt_scen_000059_00004,,False,False
scen_000060,alt_scen_000060_00001,inc_scen_000060_02,True,True
scen_000060,alt_scen_000060_00002,inc_scen_000060_02,True,False
scen_000060,alt_scen_000060_00003,inc_scen_000060_02,True,True
scen_000060,alt_scen_000060_00004,inc_scen_000060_02,True,True
scen_000060,alt_scen_000060_00005,inc_scen_000060_02,True,False
scen_000060,alt_scen_000060_00006,inc_scen_000060_02,True,True
scen_000060,alt_scen_000060_00007,inc_scen_000060_02,True,True
scen_000060,alt_scen_000060_00008,inc_scen_000060_02,True,True
scen_000060,alt_scen_000060_00009,inc_scen_000060_02,True,True
scen_000060,alt_scen_000060_00010,inc_scen_000060_02,True,True
scen_000060,alt_scen_000060_00011,inc_scen_000060_02,True,True
scen_000060,alt_scen_000060_00012,inc_scen_000060_02,True,True
scen_000060,alt_scen_000060_00013,inc_scen_000060_02,True,True
scen_000060,alt_scen_000060_00014,inc_scen_000060_02,True,True
scen_000060,alt_scen_000060_00015,inc_scen_000060_02,True,False
scen_000060,alt_scen_000060_00016,inc_scen_000060_02,True,True
scen_000060,alt_scen_000060_00017,inc_scen_000060_02,True,True
scen_000060,alt_scen_000060_00018,inc_scen_000060_02,True,True
scen_000060,alt_scen_000060_00019,inc_scen_000060_02,True,True
scen_000060,alt_scen_000060_00020,inc_scen_000060_02,True,True
scen_000060,alt_scen_000060_00021,inc_scen_000060_02,True,False
scen_000060,alt_scen_000060_00022,inc_scen_000060_02,True,True
scen_000060,alt_scen_000060_00023,inc_scen_000060_02,True,True
scen_000060,alt_scen_000060_00024,inc_scen_000060_02,True,True
scen_000060,alt_scen_000060_00025,inc_scen_000060_02,True,True
scen_000060,alt_scen_000060_00026,inc_scen_000060_02,True,False
scen_000060,alt_scen_000060_00027,inc_scen_000060_02,True,True
scen_000060,alt_scen_000060_00028,inc_scen_000060_02,True,True
scen_000060,alt_scen_000060_00029,inc_scen_000060_02,True,False
scen_000060,alt_scen_000060_00030,inc_scen_000060_02,True,True
scen_000060,alt_scen_000060_00031,inc_scen_000060_02,True,True
scen_000060,alt_scen_000060_00032,inc_scen_000060_02,True,True
scen_000060,alt_scen_000060_00033,inc_scen_000060_02,True,True
scen_000060,alt_scen_000060_00034,inc_scen_000060_02,True,True
scen_000060,alt_scen_000060_00035,inc_scen_000060_02,True,True
scen_000060,alt_scen_000060_00036,inc_scen_000060_02,True,True
scen_000060,alt_scen_000060_00037,inc_scen_000060_02,True,True
scen_000060,alt_scen_000060_00038,inc_scen_000060_02,True,True
scen_000060,alt_scen_000060_00039,inc_scen_000060_02,True,True
scen_000060,alt_scen_000060_00040,inc_scen_000060_02,True,True
scen_000060,alt_scen_000060_00041,inc_scen_000060_02,True,True
scen_000060,alt_scen_000060_00042,inc_scen_000060_02,True,False
scen_000060,alt_scen_000060_00043,inc_scen_000060_02,True,True
scen_000060,alt_scen_000060_00044,inc_scen_000060_02,True,True
scen_000060,alt_scen_000060_00045,inc_scen_000060_02,True,True
scen_000060,alt_scen_000060_00046,inc_scen_000060_02,True,False
scen_000060,alt_scen_000060_00047,inc_scen_000060_02,True,True
scen_000060,alt_scen_000060_00048,inc_scen_000060_02,True,False
scen_000060,alt_scen_000060_00049,inc_scen_000060_02,True,True
scen_000060,alt_scen_000060_00050,inc_scen_000060_02,True,True
scen_000060,alt_scen_000060_00051,inc_scen_000060_02,True,True
scen_000060,alt_scen_000060_00052,inc_scen_000060_02,True,False
scen_000060,alt_scen_000060_00053,inc_scen_000060_02,True,True
scen_000060,alt_scen_000060_00054,inc_scen_000060_02,True,True
scen_000060,alt_scen_000060_00055,inc_scen_000060_02,True,True
scen_000060,alt_scen_000060_00056,inc_scen_000060_02,True,True
scen_000060,alt_scen_000060_00057,inc_scen_000060_02,True,False
scen_000060,alt_scen_000060_00058,inc_scen_000060_01,True,True
scen_000060,alt_scen_000060_00059,inc_scen_000060_01,True,True
scen_000060,alt_scen_000060_00060,inc_scen_000060_01,True,True
scen_000060,alt_scen_000060_00061,inc_scen_000060_01,True,True
scen_000060,alt_scen_000060_00062,inc_scen_000060_01,True,True
scen_000060,alt_scen_000060_00063,inc_scen_000060_01,True,True
scen_000060,alt_scen_000060_00064,inc_scen_000060_01,True,True
scen_000060,alt_scen_000060_00065,inc_scen_000060_01,True,True
scen_000060,alt_scen_000060_00066,inc_scen_000060_01,True,False
scen_000060,alt_scen_000060_00067,inc_scen_000060_01,True,True
scen_000060,alt_scen_000060_00068,inc_scen_000060_01,True,True
scen_000060,alt_scen_000060_00069,inc_scen_000060_01,True,True
scen_000060,alt_scen_000060_00070,inc_scen_000060_01,True,True
scen_000060,alt_scen_000060_00071,inc_scen_000060_01,True,True
scen_000060,alt_scen_000060_00072,inc_scen_000060_01,True,True
scen_000060,alt_scen_000060_00073,inc_scen_000060_01,True,True
scen_000060,alt_scen_000060_00074,inc_scen_000060_01,True,False
scen_000060,alt_scen_000060_00075,inc_scen_000060_01,True,True
scen_000060,alt_scen_000060_00076,inc_scen_000060_01,True,True
scen_000060,alt_scen_000060_00077,inc_scen_000060_01,True,True
scen_000060,alt_scen_000060_00078,inc_scen_000060_01,True,True
scen_000060,alt_scen_000060_00079,inc_scen_000060_01,True,True
scen_000060,alt_scen_000060_00080,inc_scen_000060_01,True,True
scen_000060,alt_scen_000060_00081,inc_scen_000060_01,True,True
scen_000060,alt_scen_000060_00082,inc_scen_000060_01,True,True
scen_000060,alt_scen_000060_00083,,False,False
scen_000060,alt_scen_000060_00084,,False,False
scen_000060,alt_scen_000060_00085,,False,False
scen_000060,alt_scen_000060_00086,,False,False
scen_000060,alt_scen_000060_00087,,False,False
scen_000060,alt_scen_000060_00088,,False,False
scen_000061,alt_scen_000061_00001,inc_scen_000061_01,True,True
scen_000061,alt_scen_000061_00002,inc_scen_000061_01,True,True
scen_000061,alt_scen_000061_00003,inc_scen_000061_01,True,False
scen_000061,alt_scen_000061_00004,inc_scen_000061_01,True,True
scen_000061,alt_scen_000061_00005,inc_scen_000061_01,True,True
scen_000061,alt_scen_000061_00006,inc_scen_000061_01,True,True
scen_000061,alt_scen_000061_00007,inc_scen_000061_01,True,False
scen_000061,alt_scen_000061_00008,inc_scen_000061_01,True,True
scen_000061,alt_scen_000061_00009,inc_scen_000061_01,True,True
scen_000061,alt_scen_000061_00010,inc_scen_000061_01,True,False
scen_000061,alt_scen_000061_00011,inc_scen_000061_01,True,True
scen_000061,alt_scen_000061_00012,inc_scen_000061_01,True,True
scen_000061,alt_scen_000061_00013,inc_scen_000061_01,True,True
scen_000061,alt_scen_000061_00014,inc_scen_000061_01,True,True
scen_000061,alt_scen_000061_00015,inc_scen_000061_01,True,True
scen_000061,alt_scen_000061_00016,inc_scen_000061_01,True,True
scen_000061,alt_scen_000061_00017,,False,False
scen_000061,alt_scen_000061_00018,,False,False
scen_000061,alt_scen_000061_00019,,False,False
scen_000061,alt_scen_000061_00020,,False,False
scen_000062,alt_scen_000062_00001,,False,False
scen_000062,alt_scen_000062_00002,,False,False
scen_000062,alt_scen_000062_00003,,False,False
scen_000062,alt_scen_000062_00004,,False,False
scen_000063,alt_scen_000063_00001,,False,False
scen_000063,alt_scen_000063_00002,,False,False
scen_000064,alt_scen_000064_00001,,False,False
scen_000064,alt_scen_000064_00002,,False,False
scen_000064,alt_scen_000064_00003,,False,False
scen_000065,alt_scen_000065_00001,,False,False
scen_000065,alt_scen_000065_00002,,False,False
scen_000066,alt_scen_000066_00001,,False,False
scen_000066,alt_scen_000066_00002,,False,False
scen_000067,alt_scen_000067_00001,inc_scen_000067_01,True,True
scen_000067,alt_scen_000067_00002,inc_scen_000067_01,True,True
scen_000067,alt_scen_000067_00003,inc_scen_000067_01,True,True
scen_000067,alt_scen_000067_00004,inc_scen_000067_01,True,True
scen_000067,alt_scen_000067_00005,inc_scen_000067_01,True,True
scen_000067,alt_scen_000067_00006,inc_scen_000067_01,True,True
scen_000067,alt_scen_000067_00007,inc_scen_000067_01,True,True
scen_000067,alt_scen_000067_00008,inc_scen_000067_01,True,False
scen_000067,alt_scen_000067_00009,inc_scen_000067_01,True,True
scen_000067,alt_scen_000067_00010,inc_scen_000067_01,True,False
scen_000067,alt_scen_000067_00011,inc_scen_000067_01,True,True
scen_000067,alt_scen_000067_00012,inc_scen_000067_01,True,True
scen_000067,alt_scen_000067_00013,inc_scen_000067_01,True,True
scen_000067,alt_scen_000067_00014,inc_scen_000067_01,True,True
scen_000067,alt_scen_000067_00015,inc_scen_000067_01,True,True
scen_000067,alt_scen_000067_00016,inc_scen_000067_01,True,False
scen_000067,alt_scen_000067_00017,inc_scen_000067_01,True,True
scen_000067,alt_scen_000067_00018,inc_scen_000067_01,True,True
scen_000067,alt_scen_000067_00019,inc_scen_000067_01,True,True
scen_000067,alt_scen_000067_00020,inc_scen_000067_01,True,True
scen_000067,alt_scen_000067_00021,inc_scen_000067_01,True,False
scen_000067,alt_scen_000067_00022,inc_scen_000067_01,True,True
scen_000067,alt_scen_000067_00023,inc_scen_000067_01,True,True
scen_000067,alt_scen_000067_00024,inc_scen_000067_01,True,False
scen_000067,alt_scen_000067_00025,inc_scen_000067_01,True,True
scen_000067,alt_scen_000067_00026,inc_scen_000067_01,True,True
scen_000067,alt_scen_000067_00027,inc_scen_000067_01,True,True
scen_000067,alt_scen_000067_00028,inc_scen_000067_01,True,True
scen_000067,alt_scen_000067_00029,inc_scen_000067_01,True,True
scen_000067,alt_scen_000067_00030,inc_scen_000067_01,True,True
scen_000067,alt_scen_000067_00031,inc_scen_000067_01,True,True
scen_000067,alt_scen_000067_00032,inc_scen_000067_01,True,True
scen_000067,alt_scen_000067_00033,inc_scen_000067_01,True,True
scen_000067,alt_scen_000067_00034,inc_scen_000067_01,True,True
scen_000067,alt_scen_000067_00035,inc_scen_000067_01,True,True
scen_000067,alt_scen_000067_00036,inc_scen_000067_01,True,True
scen_000067,alt_scen_000067_00037,inc_scen_000067_01,True,True
scen_000067,alt_scen_000067_00038,inc_scen_000067_01,True,True
scen_000067,alt_scen_000067_00039,inc_scen_000067_01,True,True
scen_000067,alt_scen_000067_00040,inc_scen_000067_01,True,True
scen_000067,alt_scen_000067_00041,inc_scen_000067_01,True,True
scen_000067,alt_scen_000067_00042,inc_scen_000067_01,True,True
scen_000067,alt_scen_000067_00043,inc_scen_000067_01,True,True
scen_000067,alt_scen_000067_00044,inc_scen_000067_01,True,True
scen_000067,alt_scen_000067_00045,inc_scen_000067_01,True,True
scen_000067,alt_scen_000067_00046,inc_scen_000067_01,True,False
scen_000067,alt_scen_000067_00047,inc_scen_000067_01,True,True
scen_000067,alt_scen_000067_00048,inc_scen_000067_01,True,True
scen_000067,alt_scen_000067_00049,inc_scen_000067_01,True,True
scen_000067,alt_scen_000067_00050,inc_scen_000067_01,True,True
scen_000067,alt_scen_000067_00051,inc_scen_000067_01,True,False
scen_000067,alt_scen_000067_00052,inc_scen_000067_01,True,True
scen_000067,alt_scen_000067_00053,inc_scen_000067_01,True,True
scen_000067,alt_scen_000067_00054,inc_scen_000067_01,True,False
scen_000067,alt_scen_000067_00055,inc_scen_000067_01,True,True
scen_000067,alt_scen_000067_00056,inc_scen_000067_01,True,True
scen_000067,alt_scen_000067_00057,inc_scen_000067_01,True,True
scen_000067,alt_scen_000067_00058,inc_scen_000067_01,True,True
scen_000067,alt_scen_000067_00059,inc_scen_000067_01,True,True
scen_000067,alt_scen_000067_00060,inc_scen_000067_01,True,True
scen_000067,alt_scen_000067_00061,inc_scen_000067_01,True,True
scen_000067,alt_scen_000067_00062,inc_scen_000067_01,True,True
scen_000067,alt_scen_000067_00063,inc_scen_000067_01,True,False
scen_000067,alt_scen_000067_00064,inc_scen_000067_01,True,True
scen_000067,alt_scen_000067_00065,inc_scen_000067_01,True,True
scen_000067,alt_scen_000067_00066,inc_scen_000067_01,True,True
scen_000067,alt_scen_000067_00067,inc_scen_000067_01,True,True
scen_000067,alt_scen_000067_00068,inc_scen_000067_01,True,True
scen_000067,alt_scen_000067_00069,inc_scen_000067_01,True,True
scen_000067,alt_scen_000067_00070,inc_scen_000067_01,True,True
scen_000067,alt_scen_000067_00071,inc_scen_000067_01,True,True
scen_000067,alt_scen_000067_00072,inc_scen_000067_01,True,True
scen_000067,alt_scen_000067_00073,inc_scen_000067_01,True,False
scen_000067,alt_scen_000067_00074,inc_scen_000067_01,True,True
scen_000067,alt_scen_000067_00075,,False,False
scen_000067,alt_scen_000067_00076,,False,False
scen_000067,alt_scen_000067_00077,,False,False
scen_000067,alt_scen_000067_00078,,False,False
scen_000067,alt_scen_000067_00079,,False,False
scen_000068,alt_scen_000068_00001,,False,False
scen_000068,alt_scen_000068_00002,,False,False
scen_000069,alt_scen_000069_00001,,False,False
scen_000069,alt_scen_000069_00002,,False,False
scen_000069,alt_scen_000069_00003,,False,False
scen_000069,alt_scen_000069_00004,,False,False
scen_000069,alt_scen_000069_00005,,False,False
scen_000070,alt_scen_000070_00001,,False,False
scen_000070,alt_scen_000070_00002,,False,False
scen_000071,alt_scen_000071_00001,inc_scen_000071_01,True,True
scen_000071,alt_scen_000071_00002,inc_scen_000071_01,True,True
scen_000071,alt_scen_000071_00003,inc_scen_000071_01,True,True
scen_000071,alt_scen_000071_00004,inc_scen_000071_01,True,True
scen_000071,alt_scen_000071_00005,inc_scen_000071_01,True,True
scen_000071,alt_scen_000071_00006,inc_scen_000071_01,True,False
scen_000071,alt_scen_000071_00007,inc_scen_000071_01,True,True
scen_000071,alt_scen_000071_00008,inc_scen_000071_01,True,False
scen_000071,alt_scen_000071_00009,inc_scen_000071_01,True,True
scen_000071,alt_scen_000071_00010,inc_scen_000071_01,True,True
scen_000071,alt_scen_000071_00011,inc_scen_000071_01,True,True
scen_000071,alt_scen_000071_00012,inc_scen_000071_01,True,True
scen_000071,alt_scen_000071_00013,inc_scen_000071_01,True,True
scen_000071,alt_scen_000071_00014,inc_scen_000071_01,True,True
scen_000071,alt_scen_000071_00015,inc_scen_000071_01,True,True
scen_000071,alt_scen_000071_00016,inc_scen_000071_01,True,False
scen_000071,alt_scen_000071_00017,inc_scen_000071_01,True,True
scen_000071,alt_scen_000071_00018,inc_scen_000071_01,True,True
scen_000071,alt_scen_000071_00019,inc_scen_000071_01,True,True
scen_000071,alt_scen_000071_00020,inc_scen_000071_01,True,False
scen_000071,alt_scen_000071_00021,inc_scen_000071_01,True,True
scen_000071,alt_scen_000071_00022,inc_scen_000071_01,True,True
scen_000071,alt_scen_000071_00023,inc_scen_000071_01,True,True
scen_000071,alt_scen_000071_00024,inc_scen_000071_01,True,True
scen_000071,alt_scen_000071_00025,inc_scen_000071_01,True,True
scen_000071,alt_scen_000071_00026,inc_scen_000071_01,True,True
scen_000071,alt_scen_000071_00027,inc_scen_000071_01,True,True
scen_000071,alt_scen_000071_00028,inc_scen_000071_01,True,False
scen_000071,alt_scen_000071_00029,inc_scen_000071_01,True,True
scen_000071,alt_scen_000071_00030,inc_scen_000071_01,True,True
scen_000071,alt_scen_000071_00031,inc_scen_000071_01,True,True
scen_000071,alt_scen_000071_00032,inc_scen_000071_01,True,False
scen_000071,alt_scen_000071_00033,inc_scen_000071_01,True,True
scen_000071,alt_scen_000071_00034,inc_scen_000071_01,True,True
scen_000071,alt_scen_000071_00035,inc_scen_000071_01,True,False
scen_000071,alt_scen_000071_00036,inc_scen_000071_01,True,True
scen_000071,alt_scen_000071_00037,inc_scen_000071_01,True,True
scen_000071,alt_scen_000071_00038,inc_scen_000071_01,True,False
scen_000071,alt_scen_000071_00039,inc_scen_000071_01,True,True
scen_000071,alt_scen_000071_00040,inc_scen_000071_01,True,True
scen_000071,alt_scen_000071_00041,inc_scen_000071_01,True,True
scen_000071,alt_scen_000071_00042,inc_scen_000071_01,True,True
scen_000071,alt_scen_000071_00043,inc_scen_000071_01,True,False
scen_000071,alt_scen_000071_00044,inc_scen_000071_01,True,True
scen_000071,alt_scen_000071_00045,inc_scen_000071_01,True,False
scen_000071,alt_scen_000071_00046,inc_scen_000071_01,True,True
scen_000071,alt_scen_000071_00047,inc_scen_000071_01,True,True
scen_000071,alt_scen_000071_00048,inc_scen_000071_01,True,False
scen_000071,alt_scen_000071_00049,inc_scen_000071_01,True,True
scen_000071,alt_scen_000071_00050,inc_scen_000071_01,True,True
scen_000071,alt_scen_000071_00051,inc_scen_000071_01,True,True
scen_000071,alt_scen_000071_00052,inc_scen_000071_01,True,True
scen_000071,alt_scen_000071_00053,inc_scen_000071_01,True,True
scen_000071,alt_scen_000071_00054,inc_scen_000071_01,True,True
scen_000071,alt_scen_000071_00055,inc_scen_000071_01,True,True
scen_000071,alt_scen_000071_00056,inc_scen_000071_01,True,False
scen_000071,alt_scen_000071_00057,inc_scen_000071_01,True,True
scen_000071,alt_scen_000071_00058,inc_scen_000071_01,True,True
scen_000071,alt_scen_000071_00059,inc_scen_000071_01,True,False
scen_000071,alt_scen_000071_00060,inc_scen_000071_01,True,True
scen_000071,alt_scen_000071_00061,inc_scen_000071_01,True,True
scen_000071,alt_scen_000071_00062,inc_scen_000071_01,True,True
scen_000071,alt_scen_000071_00063,inc_scen_000071_01,True,True
scen_000071,alt_scen_000071_00064,,False,False
scen_000071,alt_scen_000071_00065,,False,False
scen_000072,alt_scen_000072_00001,,False,False
scen_000072,alt_scen_000072_00002,,False,False
scen_000072,alt_scen_000072_00003,,False,False
scen_000072,alt_scen_000072_00004,,False,False
scen_000072,alt_scen_000072_00005,,False,False
scen_000073,alt_scen_000073_00001,,False,False
scen_000073,alt_scen_000073_00002,,False,False
scen_000073,alt_scen_000073_00003,,False,False
scen_000073,alt_scen_000073_00004,,False,False
scen_000074,alt_scen_000074_00001,,False,False
scen_000074,alt_scen_000074_00002,,False,False
scen_000074,alt_scen_000074_00003,,False,False
scen_000074,alt_scen_000074_00004,,False,False
scen_000075,alt_scen_000075_00001,,False,False
scen_000075,alt_scen_000075_00002,,False,False
scen_000075,alt_scen_000075_00003,,False,False
scen_000075,alt_scen_000075_00004,,False,False
scen_000075,alt_scen_000075_00005,,False,False
scen_000075,alt_scen_000075_00006,,False,False
scen_000076,alt_scen_000076_00001,,False,False
scen_000076,alt_scen_000076_00002,,False,False
scen_000076,alt_scen_000076_00003,,False,False
scen_000076,alt_scen_000076_00004,,False,False
scen_000076,alt_scen_000076_00005,,False,False
scen_000076,alt_scen_000076_00006,,False,False
scen_000077,alt_scen_000077_00001,,False,False
scen_000077,alt_scen_000077_00002,,False,False
scen_000077,alt_scen_000077_00003,,False,False
scen_000078,alt_scen_000078_00001,,False,False
scen_000078,alt_scen_000078_00002,,False,False
scen_000078,alt_scen_000078_00003,,False,False
scen_000079,alt_scen_000079_00001,,False,False
scen_000079,alt_scen_000079_00002,,False,False
scen_000079,alt_scen_000079_00003,,False,False
scen_000079,alt_scen_000079_00004,,False,False
scen_000080,alt_scen_000080_00001,,False,False
scen_000080,alt_scen_000080_00002,,False,False
scen_000080,alt_scen_000080_00003,,False,False
scen_000081,alt_scen_000081_00001,,False,False
scen_000081,alt_scen_000081_00002,,False,False
scen_000082,alt_scen_000082_00001,,False,False
scen_000082,alt_scen_000082_00002,,False,False
scen_000082,alt_scen_000082_00003,,False,False
scen_000082,alt_scen_000082_00004,,False,False
scen_000082,alt_scen_000082_00005,,False,False
scen_000082,alt_scen_000082_00006,,False,False
scen_000083,alt_scen_000083_00001,inc_scen_000083_01,True,True
scen_000083,alt_scen_000083_00002,inc_scen_000083_01,True,True
scen_000083,alt_scen_000083_00003,inc_scen_000083_01,True,True
scen_000083,alt_scen_000083_00004,inc_scen_000083_01,True,True
scen_000083,alt_scen_000083_00005,inc_scen_000083_01,True,False
scen_000083,alt_scen_000083_00006,inc_scen_000083_01,True,True
scen_000083,alt_scen_000083_00007,inc_scen_000083_01,True,True
scen_000083,alt_scen_000083_00008,inc_scen_000083_01,True,True
scen_000083,alt_scen_000083_00009,inc_scen_000083_01,True,True
scen_000083,alt_scen_000083_00010,inc_scen_000083_01,True,True
scen_000083,alt_scen_000083_00011,inc_scen_000083_01,True,True
scen_000083,alt_scen_000083_00012,inc_scen_000083_01,True,True
scen_000083,alt_scen_000083_00013,inc_scen_000083_01,True,True
scen_000083,alt_scen_000083_00014,inc_scen_000083_01,True,True
scen_000083,alt_scen_000083_00015,inc_scen_000083_01,True,True
scen_000083,alt_scen_000083_00016,inc_scen_000083_01,True,True
scen_000083,alt_scen_000083_00017,inc_scen_000083_01,True,True
scen_000083,alt_scen_000083_00018,inc_scen_000083_01,True,True
scen_000083,alt_scen_000083_00019,inc_scen_000083_01,True,True
scen_000083,alt_scen_000083_00020,inc_scen_000083_01,True,True
scen_000083,alt_scen_000083_00021,inc_scen_000083_01,True,False
scen_000083,alt_scen_000083_00022,inc_scen_000083_01,True,True
scen_000083,alt_scen_000083_00023,,False,False
scen_000083,alt_scen_000083_00024,,False,False
scen_000083,alt_scen_000083_00025,,False,False
scen_000083,alt_scen_000083_00026,,False,False
scen_000084,alt_scen_000084_00001,inc_scen_000084_01,True,True
scen_000084,alt_scen_000084_00002,inc_scen_000084_01,True,False
scen_000084,alt_scen_000084_00003,inc_scen_000084_01,True,True
scen_000084,alt_scen_000084_00004,inc_scen_000084_01,True,False
scen_000084,alt_scen_000084_00005,inc_scen_000084_01,True,True
scen_000084,alt_scen_000084_00006,inc_scen_000084_01,True,True
scen_000084,alt_scen_000084_00007,inc_scen_000084_01,True,True
scen_000084,alt_scen_000084_00008,inc_scen_000084_01,True,True
scen_000084,alt_scen_000084_00009,inc_scen_000084_01,True,True
scen_000084,alt_scen_000084_00010,inc_scen_000084_01,True,True
scen_000084,alt_scen_000084_00011,inc_scen_000084_01,True,True
scen_000084,alt_scen_000084_00012,inc_scen_000084_01,True,True
scen_000084,alt_scen_000084_00013,inc_scen_000084_01,True,False
scen_000084,alt_scen_000084_00014,inc_scen_000084_01,True,True
scen_000084,alt_scen_000084_00015,inc_scen_000084_01,True,True
scen_000084,alt_scen_000084_00016,inc_scen_000084_01,True,True
scen_000084,alt_scen_000084_00017,inc_scen_000084_01,True,True
scen_000084,alt_scen_000084_00018,inc_scen_000084_01,True,True
scen_000084,alt_scen_000084_00019,inc_scen_000084_01,True,True
scen_000084,alt_scen_000084_00020,inc_scen_000084_01,True,True
scen_000084,alt_scen_000084_00021,inc_scen_000084_01,True,True
scen_000084,alt_scen_000084_00022,inc_scen_000084_01,True,True
scen_000084,alt_scen_000084_00023,inc_scen_000084_01,True,False
scen_000084,alt_scen_000084_00024,inc_scen_000084_01,True,True
scen_000084,alt_scen_000084_00025,inc_scen_000084_01,True,True
scen_000084,alt_scen_000084_00026,inc_scen_000084_01,True,True
scen_000084,alt_scen_000084_00027,inc_scen_000084_01,True,True
scen_000084,alt_scen_000084_00028,inc_scen_000084_01,True,True
scen_000084,alt_scen_000084_00029,inc_scen_000084_01,True,False
scen_000084,alt_scen_000084_00030,inc_scen_000084_01,True,True
scen_000084,alt_scen_000084_00031,inc_scen_000084_01,True,True
scen_000084,alt_scen_000084_00032,inc_scen_000084_01,True,True
scen_000084,alt_scen_000084_00033,inc_scen_000084_01,True,True
scen_000084,alt_scen_000084_00034,inc_scen_000084_01,True,False
scen_000084,alt_scen_000084_00035,inc_scen_000084_01,True,True
scen_000084,alt_scen_000084_00036,inc_scen_000084_01,True,False
scen_000084,alt_scen_000084_00037,inc_scen_000084_01,True,True
scen_000084,alt_scen_000084_00038,inc_scen_000084_01,True,True
scen_000084,alt_scen_000084_00039,,False,False
scen_000084,alt_scen_000084_00040,,False,False
scen_000084,alt_scen_000084_00041,,False,False
scen_000084,alt_scen_000084_00042,,False,False
scen_000084,alt_scen_000084_00043,,False,False
scen_000084,alt_scen_000084_00044,,False,False
scen_000085,alt_scen_000085_00001,inc_scen_000085_01,True,True
scen_000085,alt_scen_000085_00002,inc_scen_000085_01,True,True
scen_000085,alt_scen_000085_00003,inc_scen_000085_01,True,True
scen_000085,alt_scen_000085_00004,inc_scen_000085_01,True,True
scen_000085,alt_scen_000085_00005,inc_scen_000085_01,True,True
scen_000085,alt_scen_000085_00006,inc_scen_000085_01,True,True
scen_000085,alt_scen_000085_00007,inc_scen_000085_01,True,True
scen_000085,alt_scen_000085_00008,inc_scen_000085_01,True,True
scen_000085,alt_scen_000085_00009,inc_scen_000085_01,True,True
scen_000085,alt_scen_000085_00010,inc_scen_000085_01,True,True
scen_000085,alt_scen_000085_00011,inc_scen_000085_01,True,False
scen_000085,alt_scen_000085_00012,inc_scen_000085_01,True,True
scen_000085,alt_scen_000085_00013,inc_scen_000085_01,True,True
scen_000085,alt_scen_000085_00014,inc_scen_000085_01,True,True
scen_000085,alt_scen_000085_00015,inc_scen_000085_01,True,False
scen_000085,alt_scen_000085_00016,inc_scen_000085_01,True,True
scen_000085,alt_scen_000085_00017,inc_scen_000085_01,True,False
scen_000085,alt_scen_000085_00018,inc_scen_000085_01,True,True
scen_000085,alt_scen_000085_00019,inc_scen_000085_01,True,True
scen_000085,alt_scen_000085_00020,inc_scen_000085_01,True,True
scen_000085,alt_scen_000085_00021,inc_scen_000085_01,True,True
scen_000085,alt_scen_000085_00022,inc_scen_000085_01,True,False
scen_000085,alt_scen_000085_00023,inc_scen_000085_01,True,True
scen_000085,alt_scen_000085_00024,inc_scen_000085_01,True,False
scen_000085,alt_scen_000085_00025,inc_scen_000085_01,True,True
scen_000085,alt_scen_000085_00026,inc_scen_000085_01,True,False
scen_000085,alt_scen_000085_00027,inc_scen_000085_01,True,True
scen_000085,alt_scen_000085_00028,inc_scen_000085_01,True,True
scen_000085,alt_scen_000085_00029,inc_scen_000085_01,True,True
scen_000085,alt_scen_000085_00030,inc_scen_000085_01,True,False
scen_000085,alt_scen_000085_00031,,False,False
scen_000085,alt_scen_000085_00032,,False,False
scen_000085,alt_scen_000085_00033,,False,False
scen_000085,alt_scen_000085_00034,,False,False
scen_000085,alt_scen_000085_00035,,False,False
scen_000085,alt_scen_000085_00036,,False,False
scen_000086,alt_scen_000086_00001,,False,False
scen_000086,alt_scen_000086_00002,,False,False
scen_000086,alt_scen_000086_00003,,False,False
scen_000086,alt_scen_000086_00004,,False,False
scen_000086,alt_scen_000086_00005,,False,False
scen_000087,alt_scen_000087_00001,,False,False
scen_000087,alt_scen_000087_00002,,False,False
scen_000087,alt_scen_000087_00003,,False,False
scen_000088,alt_scen_000088_00001,,False,False
scen_000088,alt_scen_000088_00002,,False,False
scen_000088,alt_scen_000088_00003,,False,False
scen_000088,alt_scen_000088_00004,,False,False
scen_000088,alt_scen_000088_00005,,False,False
scen_000088,alt_scen_000088_00006,,False,False
scen_000089,alt_scen_000089_00001,inc_scen_000089_01,True,True
scen_000089,alt_scen_000089_00002,inc_scen_000089_01,True,False
scen_000089,alt_scen_000089_00003,inc_scen_000089_01,True,True
scen_000089,alt_scen_000089_00004,inc_scen_000089_01,True,True
scen_000089,alt_scen_000089_00005,inc_scen_000089_01,True,False
scen_000089,alt_scen_000089_00006,inc_scen_000089_01,True,True
scen_000089,alt_scen_000089_00007,inc_scen_000089_01,True,True
scen_000089,alt_scen_000089_00008,inc_scen_000089_01,True,True
scen_000089,alt_scen_000089_00009,inc_scen_000089_01,True,True
scen_000089,alt_scen_000089_00010,inc_scen_000089_01,True,True
scen_000089,alt_scen_000089_00011,inc_scen_000089_01,True,True
scen_000089,alt_scen_000089_00012,inc_scen_000089_01,True,True
scen_000089,alt_scen_000089_00013,inc_scen_000089_01,True,True
scen_000089,alt_scen_000089_00014,inc_scen_000089_01,True,True
scen_000089,alt_scen_000089_00015,inc_scen_000089_01,True,True
scen_000089,alt_scen_000089_00016,inc_scen_000089_01,True,True
scen_000089,alt_scen_000089_00017,inc_scen_000089_01,True,True
scen_000089,alt_scen_000089_00018,inc_scen_000089_01,True,True
scen_000089,alt_scen_000089_00019,inc_scen_000089_01,True,False
scen_000089,alt_scen_000089_00020,inc_scen_000089_01,True,True
scen_000089,alt_scen_000089_00021,inc_scen_000089_01,True,True
scen_000089,alt_scen_000089_00022,inc_scen_000089_01,True,True
scen_000089,alt_scen_000089_00023,inc_scen_000089_01,True,True
scen_000089,alt_scen_000089_00024,inc_scen_000089_01,True,True
scen_000089,alt_scen_000089_00025,inc_scen_000089_01,True,True
scen_000089,alt_scen_000089_00026,inc_scen_000089_01,True,True
scen_000089,alt_scen_000089_00027,inc_scen_000089_01,True,False
scen_000089,alt_scen_000089_00028,inc_scen_000089_01,True,True
scen_000089,alt_scen_000089_00029,inc_scen_000089_01,True,False
scen_000089,alt_scen_000089_00030,inc_scen_000089_01,True,True
scen_000089,alt_scen_000089_00031,inc_scen_000089_01,True,True
scen_000089,alt_scen_000089_00032,inc_scen_000089_01,True,True
scen_000089,alt_scen_000089_00033,inc_scen_000089_01,True,True
scen_000089,alt_scen_000089_00034,inc_scen_000089_01,True,True
scen_000089,alt_scen_000089_00035,inc_scen_000089_01,True,True
scen_000089,alt_scen_000089_00036,inc_scen_000089_01,True,True
scen_000089,alt_scen_000089_00037,inc_scen_000089_01,True,True
scen_000089,alt_scen_000089_00038,inc_scen_000089_01,True,True
scen_000089,alt_scen_000089_00039,inc_scen_000089_01,True,True
scen_000089,alt_scen_000089_00040,inc_scen_000089_01,True,True
scen_000089,alt_scen_000089_00041,inc_scen_000089_01,True,True
scen_000089,alt_scen_000089_00042,inc_scen_000089_01,True,True
scen_000089,alt_scen_000089_00043,inc_scen_000089_01,True,True
scen_000089,alt_scen_000089_00044,inc_scen_000089_01,True,True
scen_000089,alt_scen_000089_00045,inc_scen_000089_01,True,False
scen_000089,alt_scen_000089_00046,inc_scen_000089_01,True,True
scen_000089,alt_scen_000089_00047,inc_scen_000089_01,True,True
scen_000089,alt_scen_000089_00048,inc_scen_000089_01,True,True
scen_000089,alt_scen_000089_00049,inc_scen_000089_01,True,True
scen_000089,alt_scen_000089_00050,inc_scen_000089_01,True,True
scen_000089,alt_scen_000089_00051,inc_scen_000089_01,True,True
scen_000089,alt_scen_000089_00052,inc_scen_000089_01,True,True
scen_000089,alt_scen_000089_00053,inc_scen_000089_01,True,True
scen_000089,alt_scen_000089_00054,inc_scen_000089_01,True,False
scen_000089,alt_scen_000089_00055,inc_scen_000089_01,True,True
scen_000089,alt_scen_000089_00056,inc_scen_000089_01,True,True
scen_000089,alt_scen_000089_00057,inc_scen_000089_01,True,False
scen_000089,alt_scen_000089_00058,inc_scen_000089_01,True,True
scen_000089,alt_scen_000089_00059,inc_scen_000089_01,True,True
scen_000089,alt_scen_000089_00060,inc_scen_000089_01,True,True
scen_000089,alt_scen_000089_00061,inc_scen_000089_01,True,True
scen_000089,alt_scen_000089_00062,inc_scen_000089_01,True,True
scen_000089,alt_scen_000089_00063,inc_scen_000089_01,True,True
scen_000089,alt_scen_000089_00064,inc_scen_000089_01,True,True
scen_000089,alt_scen_000089_00065,inc_scen_000089_01,True,False
scen_000089,alt_scen_000089_00066,inc_scen_000089_01,True,True
scen_000089,alt_scen_000089_00067,inc_scen_000089_01,True,True
scen_000089,alt_scen_000089_00068,inc_scen_000089_01,True,True
scen_000089,alt_scen_000089_00069,inc_scen_000089_01,True,True
scen_000089,alt_scen_000089_00070,inc_scen_000089_01,True,True
scen_000089,alt_scen_000089_00071,inc_scen_000089_01,True,True
scen_000089,alt_scen_000089_00072,inc_scen_000089_01,True,True
scen_000089,alt_scen_000089_00073,inc_scen_000089_01,True,True
scen_000089,alt_scen_000089_00074,inc_scen_000089_01,True,True
scen_000089,alt_scen_000089_00075,,False,False
scen_000089,alt_scen_000089_00076,,False,False
scen_000089,alt_scen_000089_00077,,False,False
scen_000089,alt_scen_000089_00078,,False,False
scen_000090,alt_scen_000090_00001,,False,False
scen_000090,alt_scen_000090_00002,,False,False
scen_000090,alt_scen_000090_00003,,False,False
scen_000090,alt_scen_000090_00004,,False,False
scen_000090,alt_scen_000090_00005,,False,False
scen_000090,alt_scen_000090_00006,,False,False
scen_000091,alt_scen_000091_00001,,False,False
scen_000091,alt_scen_000091_00002,,False,False
scen_000091,alt_scen_000091_00003,,False,False
scen_000091,alt_scen_000091_00004,,False,False
scen_000092,alt_scen_000092_00001,inc_scen_000092_01,True,True
scen_000092,alt_scen_000092_00002,inc_scen_000092_01,True,True
scen_000092,alt_scen_000092_00003,inc_scen_000092_01,True,False
scen_000092,alt_scen_000092_00004,inc_scen_000092_01,True,True
scen_000092,alt_scen_000092_00005,inc_scen_000092_01,True,True
scen_000092,alt_scen_000092_00006,inc_scen_000092_01,True,False
scen_000092,alt_scen_000092_00007,inc_scen_000092_01,True,True
scen_000092,alt_scen_000092_00008,inc_scen_000092_01,True,False
scen_000092,alt_scen_000092_00009,inc_scen_000092_01,True,True
scen_000092,alt_scen_000092_00010,inc_scen_000092_01,True,False
scen_000092,alt_scen_000092_00011,inc_scen_000092_01,True,True
scen_000092,alt_scen_000092_00012,inc_scen_000092_01,True,True
scen_000092,alt_scen_000092_00013,inc_scen_000092_01,True,True
scen_000092,alt_scen_000092_00014,inc_scen_000092_01,True,False
scen_000092,alt_scen_000092_00015,inc_scen_000092_01,True,True
scen_000092,alt_scen_000092_00016,inc_scen_000092_01,True,True
scen_000092,alt_scen_000092_00017,inc_scen_000092_01,True,True
scen_000092,alt_scen_000092_00018,inc_scen_000092_01,True,True
scen_000092,alt_scen_000092_00019,inc_scen_000092_01,True,True
scen_000092,alt_scen_000092_00020,inc_scen_000092_01,True,True
scen_000092,alt_scen_000092_00021,inc_scen_000092_01,True,False
scen_000092,alt_scen_000092_00022,inc_scen_000092_01,True,True
scen_000092,alt_scen_000092_00023,inc_scen_000092_01,True,False
scen_000092,alt_scen_000092_00024,inc_scen_000092_01,True,True
scen_000092,alt_scen_000092_00025,inc_scen_000092_01,True,True
scen_000092,alt_scen_000092_00026,inc_scen_000092_01,True,True
scen_000092,alt_scen_000092_00027,inc_scen_000092_01,True,True
scen_000092,alt_scen_000092_00028,inc_scen_000092_01,True,True
scen_000092,alt_scen_000092_00029,inc_scen_000092_01,True,True
scen_000092,alt_scen_000092_00030,inc_scen_000092_01,True,True
scen_000092,alt_scen_000092_00031,inc_scen_000092_01,True,False
scen_000092,alt_scen_000092_00032,inc_scen_000092_01,True,True
scen_000092,alt_scen_000092_00033,inc_scen_000092_01,True,True
scen_000092,alt_scen_000092_00034,inc_scen_000092_01,True,True
scen_000092,alt_scen_000092_00035,inc_scen_000092_01,True,True
scen_000092,alt_scen_000092_00036,inc_scen_000092_01,True,True
scen_000092,alt_scen_000092_00037,inc_scen_000092_01,True,True
scen_000092,alt_scen_000092_00038,inc_scen_000092_01,True,True
scen_000092,alt_scen_000092_00039,inc_scen_000092_01,True,False
scen_000092,alt_scen_000092_00040,inc_scen_000092_01,True,True
scen_000092,alt_scen_000092_00041,inc_scen_000092_01,True,False
scen_000092,alt_scen_000092_00042,inc_scen_000092_01,True,True
scen_000092,alt_scen_000092_00043,inc_scen_000092_01,True,True
scen_000092,alt_scen_000092_00044,inc_scen_000092_01,True,True
scen_000092,alt_scen_000092_00045,inc_scen_000092_01,True,True
scen_000092,alt_scen_000092_00046,inc_scen_000092_01,True,True
scen_000092,alt_scen_000092_00047,inc_scen_000092_01,True,True
scen_000092,alt_scen_000092_00048,inc_scen_000092_01,True,True
scen_000092,alt_scen_000092_00049,inc_scen_000092_01,True,True
scen_000092,alt_scen_000092_00050,inc_scen_000092_01,True,False
scen_000092,alt_scen_000092_00051,inc_scen_000092_01,True,True
scen_000092,alt_scen_000092_00052,inc_scen_000092_01,True,True
scen_000092,alt_scen_000092_00053,inc_scen_000092_01,True,True
scen_000092,alt_scen_000092_00054,inc_scen_000092_01,True,True
scen_000092,alt_scen_000092_00055,inc_scen_000092_01,True,True
scen_000092,alt_scen_000092_00056,inc_scen_000092_01,True,True
scen_000092,alt_scen_000092_00057,inc_scen_000092_01,True,True
scen_000092,alt_scen_000092_00058,inc_scen_000092_01,True,False
scen_000092,alt_scen_000092_00059,inc_scen_000092_01,True,True
scen_000092,alt_scen_000092_00060,inc_scen_000092_01,True,True
scen_000092,alt_scen_000092_00061,inc_scen_000092_01,True,True
scen_000092,alt_scen_000092_00062,inc_scen_000092_01,True,True
scen_000092,alt_scen_000092_00063,inc_scen_000092_01,True,True
scen_000092,alt_scen_000092_00064,inc_scen_000092_01,True,True
scen_000092,alt_scen_000092_00065,inc_scen_000092_01,True,True
scen_000092,alt_scen_000092_00066,inc_scen_000092_01,True,False
scen_000092,alt_scen_000092_00067,inc_scen_000092_01,True,True
scen_000092,alt_scen_000092_00068,inc_scen_000092_01,True,True
scen_000092,alt_scen_000092_00069,inc_scen_000092_01,True,True
scen_000092,alt_scen_000092_00070,inc_scen_000092_01,True,True
scen_000092,alt_scen_000092_00071,inc_scen_000092_01,True,True
scen_000092,alt_scen_000092_00072,inc_scen_000092_01,True,True
scen_000092,alt_scen_000092_00073,inc_scen_000092_01,True,True
scen_000092,alt_scen_000092_00074,inc_scen_000092_01,True,True
scen_000092,alt_scen_000092_00075,inc_scen_000092_01,True,True
scen_000092,alt_scen_000092_00076,inc_scen_000092_01,True,True
scen_000092,alt_scen_000092_00077,inc_scen_000092_01,True,True
scen_000092,alt_scen_000092_00078,inc_scen_000092_01,True,True
scen_000092,alt_scen_000092_00079,inc_scen_000092_01,True,True
scen_000092,alt_scen_000092_00080,inc_scen_000092_01,True,True
scen_000092,alt_scen_000092_00081,inc_scen_000092_01,True,True
scen_000092,alt_scen_000092_00082,inc_scen_000092_01,True,False
scen_000092,alt_scen_000092_00083,inc_scen_000092_01,True,True
scen_000092,alt_scen_000092_00084,,False,False
scen_000092,alt_scen_000092_00085,,False,False
scen_000092,alt_scen_000092_00086,,False,False
scen_000093,alt_scen_000093_00001,,False,False
scen_000093,alt_scen_000093_00002,,False,False
scen_000093,alt_scen_000093_00003,,False,False
scen_000094,alt_scen_000094_00001,,False,False
scen_000094,alt_scen_000094_00002,,False,False
scen_000094,alt_scen_000094_00003,,False,False
scen_000094,alt_scen_000094_00004,,False,False
scen_000094,alt_scen_000094_00005,,False,False
scen_000094,alt_scen_000094_00006,,False,False
scen_000095,alt_scen_000095_00001,,False,False
scen_000095,alt_scen_000095_00002,,False,False
scen_000095,alt_scen_000095_00003,,False,False
scen_000095,alt_scen_000095_00004,,False,False
scen_000096,alt_scen_000096_00001,,False,False
scen_000096,alt_scen_000096_00002,,False,False
scen_000096,alt_scen_000096_00003,,False,False
scen_000096,alt_scen_000096_00004,,False,False
scen_000096,alt_scen_000096_00005,,False,False
scen_000096,alt_scen_000096_00006,,False,False
scen_000097,alt_scen_000097_00001,,False,False
scen_000097,alt_scen_000097_00002,,False,False
scen_000097,alt_scen_000097_00003,,False,False
scen_000097,alt_scen_000097_00004,,False,False
scen_000098,alt_scen_000098_00001,,False,False
scen_000098,alt_scen_000098_00002,,False,False
scen_000098,alt_scen_000098_00003,,False,False
scen_000098,alt_scen_000098_00004,,False,False
scen_000098,alt_scen_000098_00005,,False,False
scen_000098,alt_scen_000098_00006,,False,False
scen_000099,alt_scen_000099_00001,,False,False
scen_000099,alt_scen_000099_00002,,False,False
