source,target,dependency_type,latency,criticality,scenario_id,topology_id
gw_01,auth_01,HTTP,12.0,high,scen_000000,top_0000
gw_01,web_01,HTTP,15.0,high,scen_000000,top_0000
lb_01,gw_01,HTTP,5.0,critical,scen_000000,top_0000
auth_01,db_01,DATABASE,8.0,critical,scen_000000,top_0000
web_01,db_01,DATABASE,10.0,critical,scen_000000,top_0000
web_01,sub_svc_2,HTTP,10.0,low,scen_000000,top_0000
web_01,sub_svc_3,HTTP,10.0,low,scen_000000,top_0000
web_01,sub_svc_4,HTTP,10.0,low,scen_000000,top_0000
sub_svc_2,db_01,DATABASE,12.0,medium,scen_000000,top_0000
sub_svc_3,db_01,DATABASE,12.0,medium,scen_000000,top_0000
sub_svc_4,db_01,DATABASE,12.0,medium,scen_000000,top_0000
node_00,node_01,STORAGE,12.139725194103995,medium,scen_000003,top_0003
node_00,node_05,DATABASE,6.76178779003702,medium,scen_000003,top_0003
node_01,node_02,HTTP,22.276699520172475,medium,scen_000003,top_0003
node_01,node_08,CACHE,22.70808449915594,medium,scen_000003,top_0003
node_01,node_13,TCP,10.0,low,scen_000003,top_0003
node_02,node_03,MESSAGE_QUEUE,21.05318975927444,medium,scen_000003,top_0003
node_02,node_07,CACHE,9.20722093231359,medium,scen_000003,top_0003
node_02,node_24,STORAGE,15.664705665234957,medium,scen_000003,top_0003
node_02,node_09,HTTP,10.0,low,scen_000003,top_0003
node_02,node_10,MESSAGE_QUEUE,10.0,low,scen_000003,top_0003
node_02,node_19,DNS,10.0,low,scen_000003,top_0003
node_03,node_04,MESSAGE_QUEUE,16.31329944741585,medium,scen_000003,top_0003
node_03,node_06,TCP,32.73223516354454,medium,scen_000003,top_0003
node_03,node_23,STORAGE,28.53386530023879,medium,scen_000003,top_0003
node_03,node_20,MESSAGE_QUEUE,10.0,low,scen_000003,top_0003
node_04,node_00,DATABASE,10.0,low,scen_000003,top_0003
node_05,node_09,CACHE,9.926915597099972,medium,scen_000003,top_0003
node_05,node_10,STORAGE,5.169838666218883,medium,scen_000003,top_0003
node_05,node_25,DATABASE,18.14319063087552,medium,scen_000003,top_0003
node_06,node_18,TCP,10.621971935637884,medium,scen_000003,top_0003
node_06,node_23,MESSAGE_QUEUE,10.0,low,scen_000003,top_0003
node_07,node_11,TCP,4.923097632942083,medium,scen_000003,top_0003
node_07,node_02,MESSAGE_QUEUE,10.0,low,scen_000003,top_0003
node_08,node_13,STORAGE,20.06344746742045,medium,scen_000003,top_0003
node_10,node_12,DNS,25.66411341778113,medium,scen_000003,top_0003
node_10,node_17,MESSAGE_QUEUE,10.290869503775612,medium,scen_000003,top_0003
node_11,node_15,MESSAGE_QUEUE,31.37114472128521,medium,scen_000003,top_0003
node_11,node_19,STORAGE,20.671713187052468,medium,scen_000003,top_0003
node_11,node_03,DNS,10.0,low,scen_000003,top_0003
node_12,node_20,CACHE,12.619536370261972,medium,scen_000003,top_0003
node_13,node_14,CACHE,31.185428168362964,medium,scen_000003,top_0003
node_13,node_15,CACHE,10.0,low,scen_000003,top_0003
node_14,node_16,CACHE,25.904919620031794,medium,scen_000003,top_0003
node_15,node_21,CACHE,12.879266187400733,medium,scen_000003,top_0003
node_15,node_22,MESSAGE_QUEUE,23.96959741446319,medium,scen_000003,top_0003
node_16,node_13,TCP,10.0,low,scen_000003,top_0003
node_17,node_19,MESSAGE_QUEUE,10.0,low,scen_000003,top_0003
node_17,node_00,TCP,10.0,low,scen_000003,top_0003
node_18,node_15,TCP,10.0,low,scen_000003,top_0003
node_19,node_26,CACHE,26.000379703441432,medium,scen_000003,top_0003
node_19,node_01,DATABASE,10.0,low,scen_000003,top_0003
node_20,node_21,MESSAGE_QUEUE,10.0,low,scen_000003,top_0003
node_21,node_18,DNS,10.0,low,scen_000003,top_0003
node_21,node_26,HTTP,10.0,low,scen_000003,top_0003
node_22,node_10,STORAGE,10.0,low,scen_000003,top_0003
node_23,node_10,CACHE,10.0,low,scen_000003,top_0003
node_23,node_08,MESSAGE_QUEUE,10.0,low,scen_000003,top_0003
node_24,node_17,DATABASE,10.0,low,scen_000003,top_0003
node_24,node_16,STORAGE,10.0,low,scen_000003,top_0003
node_25,node_04,HTTP,10.0,low,scen_000003,top_0003
node_26,node_15,DNS,10.0,low,scen_000003,top_0003
gw_01,rec_01,HTTP,15.0,high,scen_000004,top_0004
gw_01,search_node_1,HTTP,12.0,medium,scen_000004,top_0004
gw_01,search_node_2,HTTP,12.0,medium,scen_000004,top_0004
gw_01,search_node_3,HTTP,12.0,medium,scen_000004,top_0004
gw_01,search_node_4,HTTP,12.0,medium,scen_000004,top_0004
gw_01,search_node_5,HTTP,12.0,medium,scen_000004,top_0004
gw_01,search_node_6,HTTP,12.0,medium,scen_000004,top_0004
gw_01,search_node_7,HTTP,12.0,medium,scen_000004,top_0004
gw_01,search_node_8,HTTP,12.0,medium,scen_000004,top_0004
gw_01,search_node_9,HTTP,12.0,medium,scen_000004,top_0004
gw_01,search_node_10,HTTP,12.0,medium,scen_000004,top_0004
gw_01,search_node_11,HTTP,12.0,medium,scen_000004,top_0004
gw_01,search_node_12,HTTP,12.0,medium,scen_000004,top_0004
gw_01,search_node_13,HTTP,12.0,medium,scen_000004,top_0004
gw_01,search_node_14,HTTP,12.0,medium,scen_000004,top_0004
gw_01,search_node_15,HTTP,12.0,medium,scen_000004,top_0004
gw_01,search_node_16,HTTP,12.0,medium,scen_000004,top_0004
gw_01,search_node_17,HTTP,12.0,medium,scen_000004,top_0004
gw_01,search_node_18,HTTP,12.0,medium,scen_000004,top_0004
gw_01,search_node_19,HTTP,12.0,medium,scen_000004,top_0004
gw_01,search_node_20,HTTP,12.0,medium,scen_000004,top_0004
rec_01,redis_01,CACHE,2.0,critical,scen_000004,top_0004
rec_01,es_01,HTTP,18.0,high,scen_000004,top_0004
rec_01,mongo_01,DATABASE,14.0,high,scen_000004,top_0004
search_node_1,es_01,HTTP,20.0,high,scen_000004,top_0004
search_node_2,es_01,HTTP,20.0,high,scen_000004,top_0004
search_node_3,es_01,HTTP,20.0,high,scen_000004,top_0004
search_node_4,es_01,HTTP,20.0,high,scen_000004,top_0004
search_node_5,es_01,HTTP,20.0,high,scen_000004,top_0004
search_node_6,es_01,HTTP,20.0,high,scen_000004,top_0004
search_node_7,es_01,HTTP,20.0,high,scen_000004,top_0004
search_node_8,es_01,HTTP,20.0,high,scen_000004,top_0004
search_node_9,es_01,HTTP,20.0,high,scen_000004,top_0004
search_node_10,es_01,HTTP,20.0,high,scen_000004,top_0004
search_node_11,es_01,HTTP,20.0,high,scen_000004,top_0004
search_node_12,es_01,HTTP,20.0,high,scen_000004,top_0004
search_node_13,es_01,HTTP,20.0,high,scen_000004,top_0004
search_node_14,es_01,HTTP,20.0,high,scen_000004,top_0004
search_node_15,es_01,HTTP,20.0,high,scen_000004,top_0004
search_node_16,es_01,HTTP,20.0,high,scen_000004,top_0004
search_node_17,es_01,HTTP,20.0,high,scen_000004,top_0004
search_node_18,es_01,HTTP,20.0,high,scen_000004,top_0004
search_node_19,es_01,HTTP,20.0,high,scen_000004,top_0004
search_node_20,es_01,HTTP,20.0,high,scen_000004,top_0004
ingest_01,kafka_broker,MESSAGE_QUEUE,5.0,critical,scen_000014,top_0014
kafka_broker,notif_01,MESSAGE_QUEUE,10.0,high,scen_000014,top_0014
kafka_broker,user_01,MESSAGE_QUEUE,12.0,medium,scen_000014,top_0014
kafka_broker,consumer_1,MESSAGE_QUEUE,8.0,low,scen_000014,top_0014
kafka_broker,consumer_2,MESSAGE_QUEUE,8.0,low,scen_000014,top_0014
kafka_broker,consumer_3,MESSAGE_QUEUE,8.0,low,scen_000014,top_0014
kafka_broker,consumer_4,MESSAGE_QUEUE,8.0,low,scen_000014,top_0014
kafka_broker,consumer_5,MESSAGE_QUEUE,8.0,low,scen_000014,top_0014
kafka_broker,consumer_6,MESSAGE_QUEUE,8.0,low,scen_000014,top_0014
kafka_broker,consumer_7,MESSAGE_QUEUE,8.0,low,scen_000014,top_0014
kafka_broker,consumer_8,MESSAGE_QUEUE,8.0,low,scen_000014,top_0014
kafka_broker,consumer_9,MESSAGE_QUEUE,8.0,low,scen_000014,top_0014
kafka_broker,consumer_10,MESSAGE_QUEUE,8.0,low,scen_000014,top_0014
kafka_broker,consumer_11,MESSAGE_QUEUE,8.0,low,scen_000014,top_0014
kafka_broker,consumer_12,MESSAGE_QUEUE,8.0,low,scen_000014,top_0014
kafka_broker,consumer_13,MESSAGE_QUEUE,8.0,low,scen_000014,top_0014
kafka_broker,consumer_14,MESSAGE_QUEUE,8.0,low,scen_000014,top_0014
kafka_broker,consumer_15,MESSAGE_QUEUE,8.0,low,scen_000014,top_0014
kafka_broker,consumer_16,MESSAGE_QUEUE,8.0,low,scen_000014,top_0014
kafka_broker,consumer_17,MESSAGE_QUEUE,8.0,low,scen_000014,top_0014
kafka_broker,consumer_18,MESSAGE_QUEUE,8.0,low,scen_000014,top_0014
kafka_broker,consumer_19,MESSAGE_QUEUE,8.0,low,scen_000014,top_0014
notif_01,db_event,DATABASE,15.0,high,scen_000014,top_0014
consumer_1,db_event,DATABASE,10.0,low,scen_000014,top_0014
consumer_2,db_event,DATABASE,10.0,low,scen_000014,top_0014
consumer_3,db_event,DATABASE,10.0,low,scen_000014,top_0014
consumer_4,db_event,DATABASE,10.0,low,scen_000014,top_0014
consumer_5,db_event,DATABASE,10.0,low,scen_000014,top_0014
consumer_6,db_event,DATABASE,10.0,low,scen_000014,top_0014
consumer_7,db_event,DATABASE,10.0,low,scen_000014,top_0014
consumer_8,db_event,DATABASE,10.0,low,scen_000014,top_0014
consumer_9,db_event,DATABASE,10.0,low,scen_000014,top_0014
consumer_10,db_event,DATABASE,10.0,low,scen_000014,top_0014
consumer_11,db_event,DATABASE,10.0,low,scen_000014,top_0014
consumer_12,db_event,DATABASE,10.0,low,scen_000014,top_0014
consumer_13,db_event,DATABASE,10.0,low,scen_000014,top_0014
consumer_14,db_event,DATABASE,10.0,low,scen_000014,top_0014
consumer_15,db_event,DATABASE,10.0,low,scen_000014,top_0014
consumer_16,db_event,DATABASE,10.0,low,scen_000014,top_0014
consumer_17,db_event,DATABASE,10.0,low,scen_000014,top_0014
consumer_18,db_event,DATABASE,10.0,low,scen_000014,top_0014
consumer_19,db_event,DATABASE,10.0,low,scen_000014,top_0014
gw_01,auth_01,HTTP,12.0,high,scen_000015,top_0015
gw_01,web_01,HTTP,15.0,high,scen_000015,top_0015
lb_01,gw_01,HTTP,5.0,critical,scen_000015,top_0015
auth_01,db_01,DATABASE,8.0,critical,scen_000015,top_0015
web_01,db_01,DATABASE,10.0,critical,scen_000015,top_0015
web_01,sub_svc_2,HTTP,10.0,low,scen_000015,top_0015
web_01,sub_svc_3,HTTP,10.0,low,scen_000015,top_0015
web_01,sub_svc_4,HTTP,10.0,low,scen_000015,top_0015
web_01,sub_svc_5,HTTP,10.0,low,scen_000015,top_0015
web_01,sub_svc_6,HTTP,10.0,low,scen_000015,top_0015
web_01,sub_svc_7,HTTP,10.0,low,scen_000015,top_0015
web_01,sub_svc_8,HTTP,10.0,low,scen_000015,top_0015
web_01,sub_svc_9,HTTP,10.0,low,scen_000015,top_0015
web_01,sub_svc_10,HTTP,10.0,low,scen_000015,top_0015
web_01,sub_svc_11,HTTP,10.0,low,scen_000015,top_0015
web_01,sub_svc_12,HTTP,10.0,low,scen_000015,top_0015
web_01,sub_svc_13,HTTP,10.0,low,scen_000015,top_0015
web_01,sub_svc_14,HTTP,10.0,low,scen_000015,top_0015
web_01,sub_svc_15,HTTP,10.0,low,scen_000015,top_0015
web_01,sub_svc_16,HTTP,10.0,low,scen_000015,top_0015
web_01,sub_svc_17,HTTP,10.0,low,scen_000015,top_0015
web_01,sub_svc_18,HTTP,10.0,low,scen_000015,top_0015
web_01,sub_svc_19,HTTP,10.0,low,scen_000015,top_0015
web_01,sub_svc_20,HTTP,10.0,low,scen_000015,top_0015
web_01,sub_svc_21,HTTP,10.0,low,scen_000015,top_0015
web_01,sub_svc_22,HTTP,10.0,low,scen_000015,top_0015
web_01,sub_svc_23,HTTP,10.0,low,scen_000015,top_0015
sub_svc_2,db_01,DATABASE,12.0,medium,scen_000015,top_0015
sub_svc_3,db_01,DATABASE,12.0,medium,scen_000015,top_0015
sub_svc_4,db_01,DATABASE,12.0,medium,scen_000015,top_0015
sub_svc_5,db_01,DATABASE,12.0,medium,scen_000015,top_0015
sub_svc_6,db_01,DATABASE,12.0,medium,scen_000015,top_0015
sub_svc_7,db_01,DATABASE,12.0,medium,scen_000015,top_0015
sub_svc_8,db_01,DATABASE,12.0,medium,scen_000015,top_0015
sub_svc_9,db_01,DATABASE,12.0,medium,scen_000015,top_0015
sub_svc_10,db_01,DATABASE,12.0,medium,scen_000015,top_0015
sub_svc_11,db_01,DATABASE,12.0,medium,scen_000015,top_0015
sub_svc_12,db_01,DATABASE,12.0,medium,scen_000015,top_0015
sub_svc_13,db_01,DATABASE,12.0,medium,scen_000015,top_0015
sub_svc_14,db_01,DATABASE,12.0,medium,scen_000015,top_0015
sub_svc_15,db_01,DATABASE,12.0,medium,scen_000015,top_0015
sub_svc_16,db_01,DATABASE,12.0,medium,scen_000015,top_0015
sub_svc_17,db_01,DATABASE,12.0,medium,scen_000015,top_0015
sub_svc_18,db_01,DATABASE,12.0,medium,scen_000015,top_0015
sub_svc_19,db_01,DATABASE,12.0,medium,scen_000015,top_0015
sub_svc_20,db_01,DATABASE,12.0,medium,scen_000015,top_0015
sub_svc_21,db_01,DATABASE,12.0,medium,scen_000015,top_0015
sub_svc_22,db_01,DATABASE,12.0,medium,scen_000015,top_0015
sub_svc_23,db_01,DATABASE,12.0,medium,scen_000015,top_0015
gw_01,auth_01,HTTP,10.0,high,scen_000017,top_0017
gw_01,order_01,HTTP,15.0,critical,scen_000017,top_0017
gw_01,ecom_aux_1,HTTP,15.0,low,scen_000017,top_0017
order_01,pay_01,HTTP,25.0,critical,scen_000017,top_0017
order_01,inv_01,HTTP,20.0,high,scen_000017,top_0017
order_01,cache_01,CACHE,3.0,high,scen_000017,top_0017
order_01,mq_01,MESSAGE_QUEUE,5.0,medium,scen_000017,top_0017
pay_01,db_master,DATABASE,10.0,critical,scen_000017,top_0017
inv_01,db_master,DATABASE,12.0,high,scen_000017,top_0017
ecom_aux_1,cache_01,CACHE,4.0,low,scen_000017,top_0017
node_00,node_01,HTTP,22.89907724153645,medium,scen_000019,top_0019
node_00,node_04,HTTP,10.0,low,scen_000019,top_0019
node_01,node_02,TCP,6.291535994332287,medium,scen_000019,top_0019
node_01,node_03,DATABASE,10.22930692216543,medium,scen_000019,top_0019
node_02,node_04,STORAGE,29.820840645722395,medium,scen_000019,top_0019
node_02,node_06,HTTP,6.817232352799573,medium,scen_000019,top_0019
node_02,node_08,MESSAGE_QUEUE,23.36649662542177,medium,scen_000019,top_0019
node_02,node_12,TCP,32.44932677156183,medium,scen_000019,top_0019
node_02,node_16,TCP,31.95727668023137,medium,scen_000019,top_0019
node_02,node_18,MESSAGE_QUEUE,34.09584304522344,medium,scen_000019,top_0019
node_02,node_05,DNS,10.0,low,scen_000019,top_0019
node_03,node_05,DNS,16.93953715617321,medium,scen_000019,top_0019
node_03,node_24,MESSAGE_QUEUE,10.0,low,scen_000019,top_0019
node_03,node_22,CACHE,10.0,low,scen_000019,top_0019
node_04,node_07,MESSAGE_QUEUE,8.917983278423602,medium,scen_000019,top_0019
node_04,node_11,CACHE,16.330590586555537,medium,scen_000019,top_0019
node_04,node_17,TCP,26.51082036622872,medium,scen_000019,top_0019
node_04,node_21,MESSAGE_QUEUE,10.0,low,scen_000019,top_0019
node_05,node_13,HTTP,14.225992400756786,medium,scen_000019,top_0019
node_05,node_21,STORAGE,21.38708429779501,medium,scen_000019,top_0019
node_05,node_23,DNS,19.621625001519096,medium,scen_000019,top_0019
node_05,node_02,DATABASE,10.0,low,scen_000019,top_0019
node_06,node_10,TCP,11.305056863401484,medium,scen_000019,top_0019
node_06,node_17,DATABASE,10.0,low,scen_000019,top_0019
node_07,node_09,TCP,16.0661603211875,medium,scen_000019,top_0019
node_07,node_05,DATABASE,10.0,low,scen_000019,top_0019
node_08,node_03,CACHE,10.0,low,scen_000019,top_0019
node_09,node_00,DATABASE,10.0,low,scen_000019,top_0019
node_10,node_14,HTTP,10.698048742235386,medium,scen_000019,top_0019
node_10,node_15,STORAGE,29.69592820839345,medium,scen_000019,top_0019
node_11,node_19,MESSAGE_QUEUE,31.79852485083195,medium,scen_000019,top_0019
node_11,node_09,HTTP,10.0,low,scen_000019,top_0019
node_11,node_02,CACHE,10.0,low,scen_000019,top_0019
node_14,node_13,CACHE,10.0,low,scen_000019,top_0019
node_14,node_16,DNS,10.0,low,scen_000019,top_0019
node_15,node_22,DNS,33.24053055871394,medium,scen_000019,top_0019
node_17,node_00,CACHE,10.0,low,scen_000019,top_0019
node_17,node_04,HTTP,10.0,low,scen_000019,top_0019
node_18,node_20,DATABASE,11.950726438878636,medium,scen_000019,top_0019
node_20,node_03,HTTP,10.0,low,scen_000019,top_0019
node_20,node_15,DATABASE,10.0,low,scen_000019,top_0019
node_21,node_18,STORAGE,10.0,low,scen_000019,top_0019
node_21,node_20,STORAGE,10.0,low,scen_000019,top_0019
node_23,node_24,STORAGE,3.168433227973648,medium,scen_000019,top_0019
node_23,node_12,DNS,10.0,low,scen_000019,top_0019
node_24,node_19,STORAGE,10.0,low,scen_000019,top_0019
gw_01,auth_01,HTTP,12.0,high,scen_000023,top_0023
gw_01,web_01,HTTP,15.0,high,scen_000023,top_0023
lb_01,gw_01,HTTP,5.0,critical,scen_000023,top_0023
auth_01,db_01,DATABASE,8.0,critical,scen_000023,top_0023
web_01,db_01,DATABASE,10.0,critical,scen_000023,top_0023
web_01,sub_svc_2,HTTP,10.0,low,scen_000023,top_0023
web_01,sub_svc_3,HTTP,10.0,low,scen_000023,top_0023
web_01,sub_svc_4,HTTP,10.0,low,scen_000023,top_0023
web_01,sub_svc_5,HTTP,10.0,low,scen_000023,top_0023
web_01,sub_svc_6,HTTP,10.0,low,scen_000023,top_0023
web_01,sub_svc_7,HTTP,10.0,low,scen_000023,top_0023
web_01,sub_svc_8,HTTP,10.0,low,scen_000023,top_0023
web_01,sub_svc_9,HTTP,10.0,low,scen_000023,top_0023
web_01,sub_svc_10,HTTP,10.0,low,scen_000023,top_0023
web_01,sub_svc_11,HTTP,10.0,low,scen_000023,top_0023
web_01,sub_svc_12,HTTP,10.0,low,scen_000023,top_0023
web_01,sub_svc_13,HTTP,10.0,low,scen_000023,top_0023
web_01,sub_svc_14,HTTP,10.0,low,scen_000023,top_0023
web_01,sub_svc_15,HTTP,10.0,low,scen_000023,top_0023
web_01,sub_svc_16,HTTP,10.0,low,scen_000023,top_0023
sub_svc_2,db_01,DATABASE,12.0,medium,scen_000023,top_0023
sub_svc_3,db_01,DATABASE,12.0,medium,scen_000023,top_0023
sub_svc_4,db_01,DATABASE,12.0,medium,scen_000023,top_0023
sub_svc_5,db_01,DATABASE,12.0,medium,scen_000023,top_0023
sub_svc_6,db_01,DATABASE,12.0,medium,scen_000023,top_0023
sub_svc_7,db_01,DATABASE,12.0,medium,scen_000023,top_0023
sub_svc_8,db_01,DATABASE,12.0,medium,scen_000023,top_0023
sub_svc_9,db_01,DATABASE,12.0,medium,scen_000023,top_0023
sub_svc_10,db_01,DATABASE,12.0,medium,scen_000023,top_0023
sub_svc_11,db_01,DATABASE,12.0,medium,scen_000023,top_0023
sub_svc_12,db_01,DATABASE,12.0,medium,scen_000023,top_0023
sub_svc_13,db_01,DATABASE,12.0,medium,scen_000023,top_0023
sub_svc_14,db_01,DATABASE,12.0,medium,scen_000023,top_0023
sub_svc_15,db_01,DATABASE,12.0,medium,scen_000023,top_0023
sub_svc_16,db_01,DATABASE,12.0,medium,scen_000023,top_0023
gw_01,rec_01,HTTP,15.0,high,scen_000027,top_0027
gw_01,search_node_1,HTTP,12.0,medium,scen_000027,top_0027
gw_01,search_node_2,HTTP,12.0,medium,scen_000027,top_0027
gw_01,search_node_3,HTTP,12.0,medium,scen_000027,top_0027
gw_01,search_node_4,HTTP,12.0,medium,scen_000027,top_0027
gw_01,search_node_5,HTTP,12.0,medium,scen_000027,top_0027
gw_01,search_node_6,HTTP,12.0,medium,scen_000027,top_0027
gw_01,search_node_7,HTTP,12.0,medium,scen_000027,top_0027
gw_01,search_node_8,HTTP,12.0,medium,scen_000027,top_0027
gw_01,search_node_9,HTTP,12.0,medium,scen_000027,top_0027
gw_01,search_node_10,HTTP,12.0,medium,scen_000027,top_0027
gw_01,search_node_11,HTTP,12.0,medium,scen_000027,top_0027
gw_01,search_node_12,HTTP,12.0,medium,scen_000027,top_0027
gw_01,search_node_13,HTTP,12.0,medium,scen_000027,top_0027
gw_01,search_node_14,HTTP,12.0,medium,scen_000027,top_0027
gw_01,search_node_15,HTTP,12.0,medium,scen_000027,top_0027
rec_01,redis_01,CACHE,2.0,critical,scen_000027,top_0027
rec_01,es_01,HTTP,18.0,high,scen_000027,top_0027
rec_01,mongo_01,DATABASE,14.0,high,scen_000027,top_0027
search_node_1,es_01,HTTP,20.0,high,scen_000027,top_0027
search_node_2,es_01,HTTP,20.0,high,scen_000027,top_0027
search_node_3,es_01,HTTP,20.0,high,scen_000027,top_0027
search_node_4,es_01,HTTP,20.0,high,scen_000027,top_0027
search_node_5,es_01,HTTP,20.0,high,scen_000027,top_0027
search_node_6,es_01,HTTP,20.0,high,scen_000027,top_0027
search_node_7,es_01,HTTP,20.0,high,scen_000027,top_0027
search_node_8,es_01,HTTP,20.0,high,scen_000027,top_0027
search_node_9,es_01,HTTP,20.0,high,scen_000027,top_0027
search_node_10,es_01,HTTP,20.0,high,scen_000027,top_0027
search_node_11,es_01,HTTP,20.0,high,scen_000027,top_0027
search_node_12,es_01,HTTP,20.0,high,scen_000027,top_0027
search_node_13,es_01,HTTP,20.0,high,scen_000027,top_0027
search_node_14,es_01,HTTP,20.0,high,scen_000027,top_0027
search_node_15,es_01,HTTP,20.0,high,scen_000027,top_0027
ingest_01,kafka_broker,MESSAGE_QUEUE,5.0,critical,scen_000030,top_0030
kafka_broker,notif_01,MESSAGE_QUEUE,10.0,high,scen_000030,top_0030
kafka_broker,user_01,MESSAGE_QUEUE,12.0,medium,scen_000030,top_0030
kafka_broker,consumer_1,MESSAGE_QUEUE,8.0,low,scen_000030,top_0030
kafka_broker,consumer_2,MESSAGE_QUEUE,8.0,low,scen_000030,top_0030
kafka_broker,consumer_3,MESSAGE_QUEUE,8.0,low,scen_000030,top_0030
kafka_broker,consumer_4,MESSAGE_QUEUE,8.0,low,scen_000030,top_0030
kafka_broker,consumer_5,MESSAGE_QUEUE,8.0,low,scen_000030,top_0030
kafka_broker,consumer_6,MESSAGE_QUEUE,8.0,low,scen_000030,top_0030
kafka_broker,consumer_7,MESSAGE_QUEUE,8.0,low,scen_000030,top_0030
notif_01,db_event,DATABASE,15.0,high,scen_000030,top_0030
consumer_1,db_event,DATABASE,10.0,low,scen_000030,top_0030
consumer_2,db_event,DATABASE,10.0,low,scen_000030,top_0030
consumer_3,db_event,DATABASE,10.0,low,scen_000030,top_0030
consumer_4,db_event,DATABASE,10.0,low,scen_000030,top_0030
consumer_5,db_event,DATABASE,10.0,low,scen_000030,top_0030
consumer_6,db_event,DATABASE,10.0,low,scen_000030,top_0030
consumer_7,db_event,DATABASE,10.0,low,scen_000030,top_0030
node_00,node_01,DNS,24.698950956394448,medium,scen_000031,top_0031
node_00,node_03,STORAGE,6.5940759360542005,medium,scen_000031,top_0031
node_00,node_05,TCP,16.947522363075255,medium,scen_000031,top_0031
node_00,node_25,STORAGE,28.462675783042613,medium,scen_000031,top_0031
node_01,node_02,HTTP,24.475093549558256,medium,scen_000031,top_0031
node_01,node_08,DNS,10.0,low,scen_000031,top_0031
node_03,node_04,CACHE,33.246359926344574,medium,scen_000031,top_0031
node_03,node_06,MESSAGE_QUEUE,11.78993870607054,medium,scen_000031,top_0031
node_03,node_11,HTTP,27.29285204795911,medium,scen_000031,top_0031
node_03,node_17,MESSAGE_QUEUE,6.883181718842333,medium,scen_000031,top_0031
node_04,node_08,STORAGE,20.800280689598512,medium,scen_000031,top_0031
node_05,node_07,DNS,3.1830913700264274,medium,scen_000031,top_0031
node_05,node_16,MESSAGE_QUEUE,10.0,low,scen_000031,top_0031
node_05,node_09,MESSAGE_QUEUE,10.0,low,scen_000031,top_0031
node_06,node_09,CACHE,12.21676241590628,medium,scen_000031,top_0031
node_06,node_13,HTTP,17.28834916122173,medium,scen_000031,top_0031
node_06,node_16,DNS,27.017245767582573,medium,scen_000031,top_0031
node_07,node_12,DATABASE,32.21372167540933,medium,scen_000031,top_0031
node_07,node_14,DNS,10.0,low,scen_000031,top_0031
node_07,node_20,DNS,10.0,low,scen_000031,top_0031
node_08,node_10,MESSAGE_QUEUE,19.648934922911277,medium,scen_000031,top_0031
node_08,node_05,HTTP,10.0,low,scen_000031,top_0031
node_09,node_18,MESSAGE_QUEUE,8.799311558507979,medium,scen_000031,top_0031
node_09,node_05,TCP,10.0,low,scen_000031,top_0031
node_09,node_22,STORAGE,10.0,low,scen_000031,top_0031
node_10,node_20,TCP,10.0,low,scen_000031,top_0031
node_10,node_00,DATABASE,10.0,low,scen_000031,top_0031
node_11,node_14,DNS,21.24671093974662,medium,scen_000031,top_0031
node_11,node_20,CACHE,34.83037032819267,medium,scen_000031,top_0031
node_11,node_22,CACHE,15.303268588674992,medium,scen_000031,top_0031
node_12,node_19,DATABASE,10.0,low,scen_000031,top_0031
node_13,node_15,HTTP,15.382663796256848,medium,scen_000031,top_0031
node_13,node_23,HTTP,20.12660791742779,medium,scen_000031,top_0031
node_15,node_14,HTTP,10.0,low,scen_000031,top_0031
node_16,node_02,DATABASE,10.0,low,scen_000031,top_0031
node_16,node_00,DNS,10.0,low,scen_000031,top_0031
node_17,node_24,HTTP,10.0,low,scen_000031,top_0031
node_17,node_21,DATABASE,10.0,low,scen_000031,top_0031
node_17,node_25,DATABASE,10.0,low,scen_000031,top_0031
node_18,node_19,CACHE,14.43579073594942,medium,scen_000031,top_0031
node_18,node_14,CACHE,10.0,low,scen_000031,top_0031
node_19,node_21,DNS,18.16322936416377,medium,scen_000031,top_0031
node_19,node_24,MESSAGE_QUEUE,2.6124658090080497,medium,scen_000031,top_0031
node_19,node_11,TCP,10.0,low,scen_000031,top_0031
node_19,node_20,TCP,10.0,low,scen_000031,top_0031
node_20,node_16,TCP,10.0,low,scen_000031,top_0031
node_20,node_23,HTTP,10.0,low,scen_000031,top_0031
node_22,node_10,STORAGE,10.0,low,scen_000031,top_0031
node_00,node_01,STORAGE,30.728098698551573,medium,scen_000032,top_0032
node_00,node_03,CACHE,18.13135159655358,medium,scen_000032,top_0032
node_00,node_07,CACHE,14.22335242779887,medium,scen_000032,top_0032
node_01,node_02,DATABASE,32.2845122046052,medium,scen_000032,top_0032
node_01,node_04,HTTP,6.056146207458589,medium,scen_000032,top_0032
node_01,node_06,DNS,28.33587029958364,medium,scen_000032,top_0032
node_01,node_11,STORAGE,4.987382055732246,medium,scen_000032,top_0032
node_01,node_12,CACHE,10.0,low,scen_000032,top_0032
node_02,node_06,MESSAGE_QUEUE,10.0,low,scen_000032,top_0032
node_02,node_16,HTTP,10.0,low,scen_000032,top_0032
node_03,node_16,TCP,10.0,low,scen_000032,top_0032
node_04,node_05,DNS,11.1130134044766,medium,scen_000032,top_0032
node_04,node_08,CACHE,11.765807623007907,medium,scen_000032,top_0032
node_04,node_10,TCP,19.114499236724907,medium,scen_000032,top_0032
node_04,node_07,DATABASE,10.0,low,scen_000032,top_0032
node_05,node_01,MESSAGE_QUEUE,10.0,low,scen_000032,top_0032
node_06,node_12,MESSAGE_QUEUE,3.841663405932644,medium,scen_000032,top_0032
node_06,node_13,MESSAGE_QUEUE,20.55288611948645,medium,scen_000032,top_0032
node_06,node_15,HTTP,29.67813198927188,medium,scen_000032,top_0032
node_06,node_01,CACHE,10.0,low,scen_000032,top_0032
node_07,node_09,STORAGE,15.831119874897436,medium,scen_000032,top_0032
node_08,node_15,STORAGE,10.0,low,scen_000032,top_0032
node_08,node_13,CACHE,10.0,low,scen_000032,top_0032
node_08,node_18,HTTP,10.0,low,scen_000032,top_0032
node_10,node_17,TCP,29.37038937693613,medium,scen_000032,top_0032
node_10,node_03,CACHE,10.0,low,scen_000032,top_0032
node_10,node_01,STORAGE,10.0,low,scen_000032,top_0032
node_11,node_03,STORAGE,10.0,low,scen_000032,top_0032
node_12,node_10,STORAGE,10.0,low,scen_000032,top_0032
node_13,node_14,HTTP,14.571744432307057,medium,scen_000032,top_0032
node_13,node_07,HTTP,10.0,low,scen_000032,top_0032
node_15,node_16,DATABASE,22.848545560784466,medium,scen_000032,top_0032
node_15,node_12,TCP,10.0,low,scen_000032,top_0032
node_17,node_18,CACHE,27.27610959318729,medium,scen_000032,top_0032
node_17,node_08,HTTP,10.0,low,scen_000032,top_0032
node_17,node_09,HTTP,10.0,low,scen_000032,top_0032
node_18,node_15,STORAGE,10.0,low,scen_000032,top_0032
node_00,node_01,HTTP,11.20029802654311,medium,scen_000033,top_0033
node_00,node_11,DNS,11.967886878080703,medium,scen_000033,top_0033
node_00,node_05,DNS,10.0,low,scen_000033,top_0033
node_01,node_02,MESSAGE_QUEUE,13.498778113987155,medium,scen_000033,top_0033
node_01,node_04,CACHE,19.77525887665169,medium,scen_000033,top_0033
node_01,node_06,DNS,7.721598973305389,medium,scen_000033,top_0033
node_01,node_13,DATABASE,10.0,low,scen_000033,top_0033
node_01,node_07,TCP,10.0,low,scen_000033,top_0033
node_01,node_09,CACHE,10.0,low,scen_000033,top_0033
node_02,node_03,DNS,16.983418338846523,medium,scen_000033,top_0033
node_02,node_16,MESSAGE_QUEUE,32.06731090603088,medium,scen_000033,top_0033
node_03,node_05,CACHE,30.74008561092944,medium,scen_000033,top_0033
node_03,node_07,STORAGE,3.2188673247065256,medium,scen_000033,top_0033
node_03,node_17,CACHE,30.65522232217496,medium,scen_000033,top_0033
node_03,node_04,DNS,10.0,low,scen_000033,top_0033
node_05,node_08,TCP,24.681349396585347,medium,scen_000033,top_0033
node_05,node_09,TCP,29.14817083724151,medium,scen_000033,top_0033
node_05,node_12,STORAGE,19.686981561049983,medium,scen_000033,top_0033
node_06,node_13,DATABASE,10.0,low,scen_000033,top_0033
node_07,node_12,CACHE,10.0,low,scen_000033,top_0033
node_09,node_10,HTTP,27.096052645234657,medium,scen_000033,top_0033
node_09,node_03,HTTP,10.0,low,scen_000033,top_0033
node_10,node_06,CACHE,10.0,low,scen_000033,top_0033
node_10,node_09,TCP,10.0,low,scen_000033,top_0033
node_11,node_15,STORAGE,19.33485768377277,medium,scen_000033,top_0033
node_12,node_13,DNS,14.61015412366412,medium,scen_000033,top_0033
node_12,node_14,TCP,4.899052971428648,medium,scen_000033,top_0033
node_12,node_10,TCP,10.0,low,scen_000033,top_0033
node_12,node_04,TCP,10.0,low,scen_000033,top_0033
node_12,node_11,HTTP,10.0,low,scen_000033,top_0033
node_14,node_13,MESSAGE_QUEUE,10.0,low,scen_000033,top_0033
node_17,node_16,DATABASE,10.0,low,scen_000033,top_0033
ingest_01,kafka_broker,MESSAGE_QUEUE,5.0,critical,scen_000034,top_0034
kafka_broker,notif_01,MESSAGE_QUEUE,10.0,high,scen_000034,top_0034
kafka_broker,user_01,MESSAGE_QUEUE,12.0,medium,scen_000034,top_0034
kafka_broker,consumer_1,MESSAGE_QUEUE,8.0,low,scen_000034,top_0034
kafka_broker,consumer_2,MESSAGE_QUEUE,8.0,low,scen_000034,top_0034
kafka_broker,consumer_3,MESSAGE_QUEUE,8.0,low,scen_000034,top_0034
kafka_broker,consumer_4,MESSAGE_QUEUE,8.0,low,scen_000034,top_0034
kafka_broker,consumer_5,MESSAGE_QUEUE,8.0,low,scen_000034,top_0034
kafka_broker,consumer_6,MESSAGE_QUEUE,8.0,low,scen_000034,top_0034
kafka_broker,consumer_7,MESSAGE_QUEUE,8.0,low,scen_000034,top_0034
kafka_broker,consumer_8,MESSAGE_QUEUE,8.0,low,scen_000034,top_0034
kafka_broker,consumer_9,MESSAGE_QUEUE,8.0,low,scen_000034,top_0034
kafka_broker,consumer_10,MESSAGE_QUEUE,8.0,low,scen_000034,top_0034
kafka_broker,consumer_11,MESSAGE_QUEUE,8.0,low,scen_000034,top_0034
kafka_broker,consumer_12,MESSAGE_QUEUE,8.0,low,scen_000034,top_0034
kafka_broker,consumer_13,MESSAGE_QUEUE,8.0,low,scen_000034,top_0034
kafka_broker,consumer_14,MESSAGE_QUEUE,8.0,low,scen_000034,top_0034
kafka_broker,consumer_15,MESSAGE_QUEUE,8.0,low,scen_000034,top_0034
kafka_broker,consumer_16,MESSAGE_QUEUE,8.0,low,scen_000034,top_0034
kafka_broker,consumer_17,MESSAGE_QUEUE,8.0,low,scen_000034,top_0034
kafka_broker,consumer_18,MESSAGE_QUEUE,8.0,low,scen_000034,top_0034
kafka_broker,consumer_19,MESSAGE_QUEUE,8.0,low,scen_000034,top_0034
kafka_broker,consumer_20,MESSAGE_QUEUE,8.0,low,scen_000034,top_0034
kafka_broker,consumer_21,MESSAGE_QUEUE,8.0,low,scen_000034,top_0034
notif_01,db_event,DATABASE,15.0,high,scen_000034,top_0034
consumer_1,db_event,DATABASE,10.0,low,scen_000034,top_0034
consumer_2,db_event,DATABASE,10.0,low,scen_000034,top_0034
consumer_3,db_event,DATABASE,10.0,low,scen_000034,top_0034
consumer_4,db_event,DATABASE,10.0,low,scen_000034,top_0034
consumer_5,db_event,DATABASE,10.0,low,scen_000034,top_0034
consumer_6,db_event,DATABASE,10.0,low,scen_000034,top_0034
consumer_7,db_event,DATABASE,10.0,low,scen_000034,top_0034
consumer_8,db_event,DATABASE,10.0,low,scen_000034,top_0034
consumer_9,db_event,DATABASE,10.0,low,scen_000034,top_0034
consumer_10,db_event,DATABASE,10.0,low,scen_000034,top_0034
consumer_11,db_event,DATABASE,10.0,low,scen_000034,top_0034
consumer_12,db_event,DATABASE,10.0,low,scen_000034,top_0034
consumer_13,db_event,DATABASE,10.0,low,scen_000034,top_0034
consumer_14,db_event,DATABASE,10.0,low,scen_000034,top_0034
consumer_15,db_event,DATABASE,10.0,low,scen_000034,top_0034
consumer_16,db_event,DATABASE,10.0,low,scen_000034,top_0034
consumer_17,db_event,DATABASE,10.0,low,scen_000034,top_0034
consumer_18,db_event,DATABASE,10.0,low,scen_000034,top_0034
consumer_19,db_event,DATABASE,10.0,low,scen_000034,top_0034
consumer_20,db_event,DATABASE,10.0,low,scen_000034,top_0034
consumer_21,db_event,DATABASE,10.0,low,scen_000034,top_0034
gw_01,auth_01,HTTP,10.0,high,scen_000037,top_0037
gw_01,order_01,HTTP,15.0,critical,scen_000037,top_0037
gw_01,ecom_aux_1,HTTP,15.0,low,scen_000037,top_0037
gw_01,ecom_aux_2,HTTP,15.0,low,scen_000037,top_0037
gw_01,ecom_aux_3,HTTP,15.0,low,scen_000037,top_0037
gw_01,ecom_aux_4,HTTP,15.0,low,scen_000037,top_0037
gw_01,ecom_aux_5,HTTP,15.0,low,scen_000037,top_0037
gw_01,ecom_aux_6,HTTP,15.0,low,scen_000037,top_0037
gw_01,ecom_aux_7,HTTP,15.0,low,scen_000037,top_0037
gw_01,ecom_aux_8,HTTP,15.0,low,scen_000037,top_0037
gw_01,ecom_aux_9,HTTP,15.0,low,scen_000037,top_0037
gw_01,ecom_aux_10,HTTP,15.0,low,scen_000037,top_0037
gw_01,ecom_aux_11,HTTP,15.0,low,scen_000037,top_0037
gw_01,ecom_aux_12,HTTP,15.0,low,scen_000037,top_0037
gw_01,ecom_aux_13,HTTP,15.0,low,scen_000037,top_0037
gw_01,ecom_aux_14,HTTP,15.0,low,scen_000037,top_0037
gw_01,ecom_aux_15,HTTP,15.0,low,scen_000037,top_0037
gw_01,ecom_aux_16,HTTP,15.0,low,scen_000037,top_0037
gw_01,ecom_aux_17,HTTP,15.0,low,scen_000037,top_0037
gw_01,ecom_aux_18,HTTP,15.0,low,scen_000037,top_0037
gw_01,ecom_aux_19,HTTP,15.0,low,scen_000037,top_0037
gw_01,ecom_aux_20,HTTP,15.0,low,scen_000037,top_0037
gw_01,ecom_aux_21,HTTP,15.0,low,scen_000037,top_0037
gw_01,ecom_aux_22,HTTP,15.0,low,scen_000037,top_0037
gw_01,ecom_aux_23,HTTP,15.0,low,scen_000037,top_0037
gw_01,ecom_aux_24,HTTP,15.0,low,scen_000037,top_0037
gw_01,ecom_aux_25,HTTP,15.0,low,scen_000037,top_0037
gw_01,ecom_aux_26,HTTP,15.0,low,scen_000037,top_0037
gw_01,ecom_aux_27,HTTP,15.0,low,scen_000037,top_0037
order_01,pay_01,HTTP,25.0,critical,scen_000037,top_0037
order_01,inv_01,HTTP,20.0,high,scen_000037,top_0037
order_01,cache_01,CACHE,3.0,high,scen_000037,top_0037
order_01,mq_01,MESSAGE_QUEUE,5.0,medium,scen_000037,top_0037
pay_01,db_master,DATABASE,10.0,critical,scen_000037,top_0037
inv_01,db_master,DATABASE,12.0,high,scen_000037,top_0037
ecom_aux_1,cache_01,CACHE,4.0,low,scen_000037,top_0037
ecom_aux_2,cache_01,CACHE,4.0,low,scen_000037,top_0037
ecom_aux_3,cache_01,CACHE,4.0,low,scen_000037,top_0037
ecom_aux_4,cache_01,CACHE,4.0,low,scen_000037,top_0037
ecom_aux_5,cache_01,CACHE,4.0,low,scen_000037,top_0037
ecom_aux_6,cache_01,CACHE,4.0,low,scen_000037,top_0037
ecom_aux_7,cache_01,CACHE,4.0,low,scen_000037,top_0037
ecom_aux_8,cache_01,CACHE,4.0,low,scen_000037,top_0037
ecom_aux_9,cache_01,CACHE,4.0,low,scen_000037,top_0037
ecom_aux_10,cache_01,CACHE,4.0,low,scen_000037,top_0037
ecom_aux_11,cache_01,CACHE,4.0,low,scen_000037,top_0037
ecom_aux_12,cache_01,CACHE,4.0,low,scen_000037,top_0037
ecom_aux_13,cache_01,CACHE,4.0,low,scen_000037,top_0037
ecom_aux_14,cache_01,CACHE,4.0,low,scen_000037,top_0037
ecom_aux_15,cache_01,CACHE,4.0,low,scen_000037,top_0037
ecom_aux_16,cache_01,CACHE,4.0,low,scen_000037,top_0037
ecom_aux_17,cache_01,CACHE,4.0,low,scen_000037,top_0037
ecom_aux_18,cache_01,CACHE,4.0,low,scen_000037,top_0037
ecom_aux_19,cache_01,CACHE,4.0,low,scen_000037,top_0037
ecom_aux_20,cache_01,CACHE,4.0,low,scen_000037,top_0037
ecom_aux_21,cache_01,CACHE,4.0,low,scen_000037,top_0037
ecom_aux_22,cache_01,CACHE,4.0,low,scen_000037,top_0037
ecom_aux_23,cache_01,CACHE,4.0,low,scen_000037,top_0037
ecom_aux_24,cache_01,CACHE,4.0,low,scen_000037,top_0037
ecom_aux_25,cache_01,CACHE,4.0,low,scen_000037,top_0037
ecom_aux_26,cache_01,CACHE,4.0,low,scen_000037,top_0037
ecom_aux_27,cache_01,CACHE,4.0,low,scen_000037,top_0037
node_00,node_01,MESSAGE_QUEUE,28.70313552540658,medium,scen_000038,top_0038
node_00,node_02,CACHE,16.470721225150506,medium,scen_000038,top_0038
node_00,node_07,CACHE,2.552495050100357,medium,scen_000038,top_0038
node_00,node_13,MESSAGE_QUEUE,26.698486075751337,medium,scen_000038,top_0038
node_00,node_25,HTTP,10.0,low,scen_000038,top_0038
node_01,node_03,HTTP,18.9414446738503,medium,scen_000038,top_0038
node_01,node_04,DNS,14.370130105390114,medium,scen_000038,top_0038
node_01,node_05,DATABASE,33.97348564783901,medium,scen_000038,top_0038
node_01,node_06,MESSAGE_QUEUE,4.161395964395682,medium,scen_000038,top_0038
node_01,node_10,DNS,10.0,low,scen_000038,top_0038
node_03,node_23,TCP,22.727158125537205,medium,scen_000038,top_0038
node_03,node_06,MESSAGE_QUEUE,10.0,low,scen_000038,top_0038
node_03,node_10,STORAGE,10.0,low,scen_000038,top_0038
node_04,node_22,CACHE,10.0,low,scen_000038,top_0038
node_05,node_09,DNS,13.491078376136825,medium,scen_000038,top_0038
node_05,node_10,DATABASE,16.6238148351367,medium,scen_000038,top_0038
node_05,node_14,DNS,31.074693956614503,medium,scen_000038,top_0038
node_05,node_21,HTTP,16.237280099829448,medium,scen_000038,top_0038
node_05,node_25,STORAGE,10.0,low,scen_000038,top_0038
node_06,node_08,DNS,16.1961596567476,medium,scen_000038,top_0038
node_06,node_11,HTTP,23.7506742605012,medium,scen_000038,top_0038
node_06,node_12,DATABASE,32.535165539043206,medium,scen_000038,top_0038
node_07,node_10,DATABASE,10.0,low,scen_000038,top_0038
node_08,node_17,DNS,22.507483754459347,medium,scen_000038,top_0038
node_09,node_00,STORAGE,10.0,low,scen_000038,top_0038
node_09,node_14,CACHE,10.0,low,scen_000038,top_0038
node_09,node_12,STORAGE,10.0,low,scen_000038,top_0038
node_09,node_15,DNS,10.0,low,scen_000038,top_0038
node_10,node_15,HTTP,12.845459295678834,medium,scen_000038,top_0038
node_10,node_01,CACHE,10.0,low,scen_000038,top_0038
node_12,node_22,CACHE,18.213626215372955,medium,scen_000038,top_0038
node_12,node_19,MESSAGE_QUEUE,10.0,low,scen_000038,top_0038
node_13,node_19,STORAGE,32.12603024989165,medium,scen_000038,top_0038
node_13,node_24,DATABASE,34.83125369789784,medium,scen_000038,top_0038
node_14,node_03,DNS,10.0,low,scen_000038,top_0038
node_15,node_16,MESSAGE_QUEUE,16.545167958815416,medium,scen_000038,top_0038
node_15,node_18,STORAGE,19.130806177631037,medium,scen_000038,top_0038
node_15,node_25,DATABASE,10.0,low,scen_000038,top_0038
node_16,node_25,TCP,10.0,low,scen_000038,top_0038
node_17,node_20,STORAGE,10.889697048939077,medium,scen_000038,top_0038
node_19,node_25,HTTP,33.789576062072165,medium,scen_000038,top_0038
node_19,node_18,DATABASE,10.0,low,scen_000038,top_0038
node_20,node_06,CACHE,10.0,low,scen_000038,top_0038
node_21,node_25,STORAGE,10.0,low,scen_000038,top_0038
node_23,node_09,STORAGE,10.0,low,scen_000038,top_0038
node_24,node_12,STORAGE,10.0,low,scen_000038,top_0038
node_24,node_01,DATABASE,10.0,low,scen_000038,top_0038
node_24,node_19,STORAGE,10.0,low,scen_000038,top_0038
gw_01,auth_01,HTTP,10.0,high,scen_000039,top_0039
gw_01,order_01,HTTP,15.0,critical,scen_000039,top_0039
gw_01,ecom_aux_1,HTTP,15.0,low,scen_000039,top_0039
gw_01,ecom_aux_2,HTTP,15.0,low,scen_000039,top_0039
gw_01,ecom_aux_3,HTTP,15.0,low,scen_000039,top_0039
gw_01,ecom_aux_4,HTTP,15.0,low,scen_000039,top_0039
gw_01,ecom_aux_5,HTTP,15.0,low,scen_000039,top_0039
gw_01,ecom_aux_6,HTTP,15.0,low,scen_000039,top_0039
gw_01,ecom_aux_7,HTTP,15.0,low,scen_000039,top_0039
gw_01,ecom_aux_8,HTTP,15.0,low,scen_000039,top_0039
gw_01,ecom_aux_9,HTTP,15.0,low,scen_000039,top_0039
gw_01,ecom_aux_10,HTTP,15.0,low,scen_000039,top_0039
gw_01,ecom_aux_11,HTTP,15.0,low,scen_000039,top_0039
gw_01,ecom_aux_12,HTTP,15.0,low,scen_000039,top_0039
gw_01,ecom_aux_13,HTTP,15.0,low,scen_000039,top_0039
gw_01,ecom_aux_14,HTTP,15.0,low,scen_000039,top_0039
gw_01,ecom_aux_15,HTTP,15.0,low,scen_000039,top_0039
gw_01,ecom_aux_16,HTTP,15.0,low,scen_000039,top_0039
gw_01,ecom_aux_17,HTTP,15.0,low,scen_000039,top_0039
gw_01,ecom_aux_18,HTTP,15.0,low,scen_000039,top_0039
gw_01,ecom_aux_19,HTTP,15.0,low,scen_000039,top_0039
gw_01,ecom_aux_20,HTTP,15.0,low,scen_000039,top_0039
gw_01,ecom_aux_21,HTTP,15.0,low,scen_000039,top_0039
order_01,pay_01,HTTP,25.0,critical,scen_000039,top_0039
order_01,inv_01,HTTP,20.0,high,scen_000039,top_0039
order_01,cache_01,CACHE,3.0,high,scen_000039,top_0039
order_01,mq_01,MESSAGE_QUEUE,5.0,medium,scen_000039,top_0039
pay_01,db_master,DATABASE,10.0,critical,scen_000039,top_0039
inv_01,db_master,DATABASE,12.0,high,scen_000039,top_0039
ecom_aux_1,cache_01,CACHE,4.0,low,scen_000039,top_0039
ecom_aux_2,cache_01,CACHE,4.0,low,scen_000039,top_0039
ecom_aux_3,cache_01,CACHE,4.0,low,scen_000039,top_0039
ecom_aux_4,cache_01,CACHE,4.0,low,scen_000039,top_0039
ecom_aux_5,cache_01,CACHE,4.0,low,scen_000039,top_0039
ecom_aux_6,cache_01,CACHE,4.0,low,scen_000039,top_0039
ecom_aux_7,cache_01,CACHE,4.0,low,scen_000039,top_0039
ecom_aux_8,cache_01,CACHE,4.0,low,scen_000039,top_0039
ecom_aux_9,cache_01,CACHE,4.0,low,scen_000039,top_0039
ecom_aux_10,cache_01,CACHE,4.0,low,scen_000039,top_0039
ecom_aux_11,cache_01,CACHE,4.0,low,scen_000039,top_0039
ecom_aux_12,cache_01,CACHE,4.0,low,scen_000039,top_0039
ecom_aux_13,cache_01,CACHE,4.0,low,scen_000039,top_0039
ecom_aux_14,cache_01,CACHE,4.0,low,scen_000039,top_0039
ecom_aux_15,cache_01,CACHE,4.0,low,scen_000039,top_0039
ecom_aux_16,cache_01,CACHE,4.0,low,scen_000039,top_0039
ecom_aux_17,cache_01,CACHE,4.0,low,scen_000039,top_0039
ecom_aux_18,cache_01,CACHE,4.0,low,scen_000039,top_0039
ecom_aux_19,cache_01,CACHE,4.0,low,scen_000039,top_0039
ecom_aux_20,cache_01,CACHE,4.0,low,scen_000039,top_0039
ecom_aux_21,cache_01,CACHE,4.0,low,scen_000039,top_0039
ingest_01,kafka_broker,MESSAGE_QUEUE,5.0,critical,scen_000040,top_0040
kafka_broker,notif_01,MESSAGE_QUEUE,10.0,high,scen_000040,top_0040
kafka_broker,user_01,MESSAGE_QUEUE,12.0,medium,scen_000040,top_0040
kafka_broker,consumer_1,MESSAGE_QUEUE,8.0,low,scen_000040,top_0040
kafka_broker,consumer_2,MESSAGE_QUEUE,8.0,low,scen_000040,top_0040
kafka_broker,consumer_3,MESSAGE_QUEUE,8.0,low,scen_000040,top_0040
kafka_broker,consumer_4,MESSAGE_QUEUE,8.0,low,scen_000040,top_0040
kafka_broker,consumer_5,MESSAGE_QUEUE,8.0,low,scen_000040,top_0040
kafka_broker,consumer_6,MESSAGE_QUEUE,8.0,low,scen_000040,top_0040
kafka_broker,consumer_7,MESSAGE_QUEUE,8.0,low,scen_000040,top_0040
kafka_broker,consumer_8,MESSAGE_QUEUE,8.0,low,scen_000040,top_0040
kafka_broker,consumer_9,MESSAGE_QUEUE,8.0,low,scen_000040,top_0040
kafka_broker,consumer_10,MESSAGE_QUEUE,8.0,low,scen_000040,top_0040
kafka_broker,consumer_11,MESSAGE_QUEUE,8.0,low,scen_000040,top_0040
notif_01,db_event,DATABASE,15.0,high,scen_000040,top_0040
consumer_1,db_event,DATABASE,10.0,low,scen_000040,top_0040
consumer_2,db_event,DATABASE,10.0,low,scen_000040,top_0040
consumer_3,db_event,DATABASE,10.0,low,scen_000040,top_0040
consumer_4,db_event,DATABASE,10.0,low,scen_000040,top_0040
consumer_5,db_event,DATABASE,10.0,low,scen_000040,top_0040
consumer_6,db_event,DATABASE,10.0,low,scen_000040,top_0040
consumer_7,db_event,DATABASE,10.0,low,scen_000040,top_0040
consumer_8,db_event,DATABASE,10.0,low,scen_000040,top_0040
consumer_9,db_event,DATABASE,10.0,low,scen_000040,top_0040
consumer_10,db_event,DATABASE,10.0,low,scen_000040,top_0040
consumer_11,db_event,DATABASE,10.0,low,scen_000040,top_0040
gw_01,auth_01,HTTP,10.0,high,scen_000042,top_0042
gw_01,order_01,HTTP,15.0,critical,scen_000042,top_0042
gw_01,ecom_aux_1,HTTP,15.0,low,scen_000042,top_0042
gw_01,ecom_aux_2,HTTP,15.0,low,scen_000042,top_0042
gw_01,ecom_aux_3,HTTP,15.0,low,scen_000042,top_0042
gw_01,ecom_aux_4,HTTP,15.0,low,scen_000042,top_0042
gw_01,ecom_aux_5,HTTP,15.0,low,scen_000042,top_0042
gw_01,ecom_aux_6,HTTP,15.0,low,scen_000042,top_0042
gw_01,ecom_aux_7,HTTP,15.0,low,scen_000042,top_0042
gw_01,ecom_aux_8,HTTP,15.0,low,scen_000042,top_0042
gw_01,ecom_aux_9,HTTP,15.0,low,scen_000042,top_0042
gw_01,ecom_aux_10,HTTP,15.0,low,scen_000042,top_0042
gw_01,ecom_aux_11,HTTP,15.0,low,scen_000042,top_0042
gw_01,ecom_aux_12,HTTP,15.0,low,scen_000042,top_0042
gw_01,ecom_aux_13,HTTP,15.0,low,scen_000042,top_0042
gw_01,ecom_aux_14,HTTP,15.0,low,scen_000042,top_0042
gw_01,ecom_aux_15,HTTP,15.0,low,scen_000042,top_0042
gw_01,ecom_aux_16,HTTP,15.0,low,scen_000042,top_0042
gw_01,ecom_aux_17,HTTP,15.0,low,scen_000042,top_0042
gw_01,ecom_aux_18,HTTP,15.0,low,scen_000042,top_0042
gw_01,ecom_aux_19,HTTP,15.0,low,scen_000042,top_0042
gw_01,ecom_aux_20,HTTP,15.0,low,scen_000042,top_0042
gw_01,ecom_aux_21,HTTP,15.0,low,scen_000042,top_0042
gw_01,ecom_aux_22,HTTP,15.0,low,scen_000042,top_0042
gw_01,ecom_aux_23,HTTP,15.0,low,scen_000042,top_0042
gw_01,ecom_aux_24,HTTP,15.0,low,scen_000042,top_0042
gw_01,ecom_aux_25,HTTP,15.0,low,scen_000042,top_0042
order_01,pay_01,HTTP,25.0,critical,scen_000042,top_0042
order_01,inv_01,HTTP,20.0,high,scen_000042,top_0042
order_01,cache_01,CACHE,3.0,high,scen_000042,top_0042
order_01,mq_01,MESSAGE_QUEUE,5.0,medium,scen_000042,top_0042
pay_01,db_master,DATABASE,10.0,critical,scen_000042,top_0042
inv_01,db_master,DATABASE,12.0,high,scen_000042,top_0042
ecom_aux_1,cache_01,CACHE,4.0,low,scen_000042,top_0042
ecom_aux_2,cache_01,CACHE,4.0,low,scen_000042,top_0042
ecom_aux_3,cache_01,CACHE,4.0,low,scen_000042,top_0042
ecom_aux_4,cache_01,CACHE,4.0,low,scen_000042,top_0042
ecom_aux_5,cache_01,CACHE,4.0,low,scen_000042,top_0042
ecom_aux_6,cache_01,CACHE,4.0,low,scen_000042,top_0042
ecom_aux_7,cache_01,CACHE,4.0,low,scen_000042,top_0042
ecom_aux_8,cache_01,CACHE,4.0,low,scen_000042,top_0042
ecom_aux_9,cache_01,CACHE,4.0,low,scen_000042,top_0042
ecom_aux_10,cache_01,CACHE,4.0,low,scen_000042,top_0042
ecom_aux_11,cache_01,CACHE,4.0,low,scen_000042,top_0042
ecom_aux_12,cache_01,CACHE,4.0,low,scen_000042,top_0042
ecom_aux_13,cache_01,CACHE,4.0,low,scen_000042,top_0042
ecom_aux_14,cache_01,CACHE,4.0,low,scen_000042,top_0042
ecom_aux_15,cache_01,CACHE,4.0,low,scen_000042,top_0042
ecom_aux_16,cache_01,CACHE,4.0,low,scen_000042,top_0042
ecom_aux_17,cache_01,CACHE,4.0,low,scen_000042,top_0042
ecom_aux_18,cache_01,CACHE,4.0,low,scen_000042,top_0042
ecom_aux_19,cache_01,CACHE,4.0,low,scen_000042,top_0042
ecom_aux_20,cache_01,CACHE,4.0,low,scen_000042,top_0042
ecom_aux_21,cache_01,CACHE,4.0,low,scen_000042,top_0042
ecom_aux_22,cache_01,CACHE,4.0,low,scen_000042,top_0042
ecom_aux_23,cache_01,CACHE,4.0,low,scen_000042,top_0042
ecom_aux_24,cache_01,CACHE,4.0,low,scen_000042,top_0042
ecom_aux_25,cache_01,CACHE,4.0,low,scen_000042,top_0042
node_00,node_01,DNS,28.06636402800632,medium,scen_000044,top_0044
node_00,node_02,MESSAGE_QUEUE,16.385255375569045,medium,scen_000044,top_0044
node_01,node_03,STORAGE,15.86747944065735,medium,scen_000044,top_0044
node_01,node_06,CACHE,33.94306939841874,medium,scen_000044,top_0044
node_02,node_05,DATABASE,25.589837651095834,medium,scen_000044,top_0044
node_02,node_07,STORAGE,19.25478481473256,medium,scen_000044,top_0044
node_02,node_01,DNS,10.0,low,scen_000044,top_0044
node_02,node_04,STORAGE,10.0,low,scen_000044,top_0044
node_03,node_04,HTTP,9.927756668642562,medium,scen_000044,top_0044
node_04,node_05,MESSAGE_QUEUE,10.0,low,scen_000044,top_0044
node_04,node_07,CACHE,10.0,low,scen_000044,top_0044
node_05,node_07,STORAGE,10.0,low,scen_000044,top_0044
node_06,node_02,STORAGE,10.0,low,scen_000044,top_0044
node_07,node_04,MESSAGE_QUEUE,10.0,low,scen_000044,top_0044
gw_01,rec_01,HTTP,15.0,high,scen_000047,top_0047
gw_01,search_node_1,HTTP,12.0,medium,scen_000047,top_0047
gw_01,search_node_2,HTTP,12.0,medium,scen_000047,top_0047
gw_01,search_node_3,HTTP,12.0,medium,scen_000047,top_0047
gw_01,search_node_4,HTTP,12.0,medium,scen_000047,top_0047
gw_01,search_node_5,HTTP,12.0,medium,scen_000047,top_0047
gw_01,search_node_6,HTTP,12.0,medium,scen_000047,top_0047
gw_01,search_node_7,HTTP,12.0,medium,scen_000047,top_0047
gw_01,search_node_8,HTTP,12.0,medium,scen_000047,top_0047
rec_01,redis_01,CACHE,2.0,critical,scen_000047,top_0047
rec_01,es_01,HTTP,18.0,high,scen_000047,top_0047
rec_01,mongo_01,DATABASE,14.0,high,scen_000047,top_0047
search_node_1,es_01,HTTP,20.0,high,scen_000047,top_0047
search_node_2,es_01,HTTP,20.0,high,scen_000047,top_0047
search_node_3,es_01,HTTP,20.0,high,scen_000047,top_0047
search_node_4,es_01,HTTP,20.0,high,scen_000047,top_0047
search_node_5,es_01,HTTP,20.0,high,scen_000047,top_0047
search_node_6,es_01,HTTP,20.0,high,scen_000047,top_0047
search_node_7,es_01,HTTP,20.0,high,scen_000047,top_0047
search_node_8,es_01,HTTP,20.0,high,scen_000047,top_0047
gw_01,auth_01,HTTP,10.0,high,scen_000049,top_0049
gw_01,order_01,HTTP,15.0,critical,scen_000049,top_0049
gw_01,ecom_aux_1,HTTP,15.0,low,scen_000049,top_0049
gw_01,ecom_aux_2,HTTP,15.0,low,scen_000049,top_0049
gw_01,ecom_aux_3,HTTP,15.0,low,scen_000049,top_0049
gw_01,ecom_aux_4,HTTP,15.0,low,scen_000049,top_0049
gw_01,ecom_aux_5,HTTP,15.0,low,scen_000049,top_0049
gw_01,ecom_aux_6,HTTP,15.0,low,scen_000049,top_0049
gw_01,ecom_aux_7,HTTP,15.0,low,scen_000049,top_0049
gw_01,ecom_aux_8,HTTP,15.0,low,scen_000049,top_0049
gw_01,ecom_aux_9,HTTP,15.0,low,scen_000049,top_0049
gw_01,ecom_aux_10,HTTP,15.0,low,scen_000049,top_0049
gw_01,ecom_aux_11,HTTP,15.0,low,scen_000049,top_0049
gw_01,ecom_aux_12,HTTP,15.0,low,scen_000049,top_0049
gw_01,ecom_aux_13,HTTP,15.0,low,scen_000049,top_0049
gw_01,ecom_aux_14,HTTP,15.0,low,scen_000049,top_0049
gw_01,ecom_aux_15,HTTP,15.0,low,scen_000049,top_0049
gw_01,ecom_aux_16,HTTP,15.0,low,scen_000049,top_0049
gw_01,ecom_aux_17,HTTP,15.0,low,scen_000049,top_0049
gw_01,ecom_aux_18,HTTP,15.0,low,scen_000049,top_0049
gw_01,ecom_aux_19,HTTP,15.0,low,scen_000049,top_0049
gw_01,ecom_aux_20,HTTP,15.0,low,scen_000049,top_0049
gw_01,ecom_aux_21,HTTP,15.0,low,scen_000049,top_0049
gw_01,ecom_aux_22,HTTP,15.0,low,scen_000049,top_0049
gw_01,ecom_aux_23,HTTP,15.0,low,scen_000049,top_0049
gw_01,ecom_aux_24,HTTP,15.0,low,scen_000049,top_0049
gw_01,ecom_aux_25,HTTP,15.0,low,scen_000049,top_0049
gw_01,ecom_aux_26,HTTP,15.0,low,scen_000049,top_0049
gw_01,ecom_aux_27,HTTP,15.0,low,scen_000049,top_0049
order_01,pay_01,HTTP,25.0,critical,scen_000049,top_0049
order_01,inv_01,HTTP,20.0,high,scen_000049,top_0049
order_01,cache_01,CACHE,3.0,high,scen_000049,top_0049
order_01,mq_01,MESSAGE_QUEUE,5.0,medium,scen_000049,top_0049
pay_01,db_master,DATABASE,10.0,critical,scen_000049,top_0049
inv_01,db_master,DATABASE,12.0,high,scen_000049,top_0049
ecom_aux_1,cache_01,CACHE,4.0,low,scen_000049,top_0049
ecom_aux_2,cache_01,CACHE,4.0,low,scen_000049,top_0049
ecom_aux_3,cache_01,CACHE,4.0,low,scen_000049,top_0049
ecom_aux_4,cache_01,CACHE,4.0,low,scen_000049,top_0049
ecom_aux_5,cache_01,CACHE,4.0,low,scen_000049,top_0049
ecom_aux_6,cache_01,CACHE,4.0,low,scen_000049,top_0049
ecom_aux_7,cache_01,CACHE,4.0,low,scen_000049,top_0049
ecom_aux_8,cache_01,CACHE,4.0,low,scen_000049,top_0049
ecom_aux_9,cache_01,CACHE,4.0,low,scen_000049,top_0049
ecom_aux_10,cache_01,CACHE,4.0,low,scen_000049,top_0049
ecom_aux_11,cache_01,CACHE,4.0,low,scen_000049,top_0049
ecom_aux_12,cache_01,CACHE,4.0,low,scen_000049,top_0049
ecom_aux_13,cache_01,CACHE,4.0,low,scen_000049,top_0049
ecom_aux_14,cache_01,CACHE,4.0,low,scen_000049,top_0049
ecom_aux_15,cache_01,CACHE,4.0,low,scen_000049,top_0049
ecom_aux_16,cache_01,CACHE,4.0,low,scen_000049,top_0049
ecom_aux_17,cache_01,CACHE,4.0,low,scen_000049,top_0049
ecom_aux_18,cache_01,CACHE,4.0,low,scen_000049,top_0049
ecom_aux_19,cache_01,CACHE,4.0,low,scen_000049,top_0049
ecom_aux_20,cache_01,CACHE,4.0,low,scen_000049,top_0049
ecom_aux_21,cache_01,CACHE,4.0,low,scen_000049,top_0049
ecom_aux_22,cache_01,CACHE,4.0,low,scen_000049,top_0049
ecom_aux_23,cache_01,CACHE,4.0,low,scen_000049,top_0049
ecom_aux_24,cache_01,CACHE,4.0,low,scen_000049,top_0049
ecom_aux_25,cache_01,CACHE,4.0,low,scen_000049,top_0049
ecom_aux_26,cache_01,CACHE,4.0,low,scen_000049,top_0049
ecom_aux_27,cache_01,CACHE,4.0,low,scen_000049,top_0049
ingest_01,kafka_broker,MESSAGE_QUEUE,5.0,critical,scen_000050,top_0050
kafka_broker,notif_01,MESSAGE_QUEUE,10.0,high,scen_000050,top_0050
kafka_broker,user_01,MESSAGE_QUEUE,12.0,medium,scen_000050,top_0050
kafka_broker,consumer_1,MESSAGE_QUEUE,8.0,low,scen_000050,top_0050
kafka_broker,consumer_2,MESSAGE_QUEUE,8.0,low,scen_000050,top_0050
kafka_broker,consumer_3,MESSAGE_QUEUE,8.0,low,scen_000050,top_0050
notif_01,db_event,DATABASE,15.0,high,scen_000050,top_0050
consumer_1,db_event,DATABASE,10.0,low,scen_000050,top_0050
consumer_2,db_event,DATABASE,10.0,low,scen_000050,top_0050
consumer_3,db_event,DATABASE,10.0,low,scen_000050,top_0050
ingest_01,kafka_broker,MESSAGE_QUEUE,5.0,critical,scen_000052,top_0052
kafka_broker,notif_01,MESSAGE_QUEUE,10.0,high,scen_000052,top_0052
kafka_broker,user_01,MESSAGE_QUEUE,12.0,medium,scen_000052,top_0052
kafka_broker,consumer_1,MESSAGE_QUEUE,8.0,low,scen_000052,top_0052
kafka_broker,consumer_2,MESSAGE_QUEUE,8.0,low,scen_000052,top_0052
kafka_broker,consumer_3,MESSAGE_QUEUE,8.0,low,scen_000052,top_0052
kafka_broker,consumer_4,MESSAGE_QUEUE,8.0,low,scen_000052,top_0052
kafka_broker,consumer_5,MESSAGE_QUEUE,8.0,low,scen_000052,top_0052
kafka_broker,consumer_6,MESSAGE_QUEUE,8.0,low,scen_000052,top_0052
kafka_broker,consumer_7,MESSAGE_QUEUE,8.0,low,scen_000052,top_0052
kafka_broker,consumer_8,MESSAGE_QUEUE,8.0,low,scen_000052,top_0052
kafka_broker,consumer_9,MESSAGE_QUEUE,8.0,low,scen_000052,top_0052
kafka_broker,consumer_10,MESSAGE_QUEUE,8.0,low,scen_000052,top_0052
kafka_broker,consumer_11,MESSAGE_QUEUE,8.0,low,scen_000052,top_0052
kafka_broker,consumer_12,MESSAGE_QUEUE,8.0,low,scen_000052,top_0052
kafka_broker,consumer_13,MESSAGE_QUEUE,8.0,low,scen_000052,top_0052
kafka_broker,consumer_14,MESSAGE_QUEUE,8.0,low,scen_000052,top_0052
kafka_broker,consumer_15,MESSAGE_QUEUE,8.0,low,scen_000052,top_0052
kafka_broker,consumer_16,MESSAGE_QUEUE,8.0,low,scen_000052,top_0052
kafka_broker,consumer_17,MESSAGE_QUEUE,8.0,low,scen_000052,top_0052
kafka_broker,consumer_18,MESSAGE_QUEUE,8.0,low,scen_000052,top_0052
kafka_broker,consumer_19,MESSAGE_QUEUE,8.0,low,scen_000052,top_0052
kafka_broker,consumer_20,MESSAGE_QUEUE,8.0,low,scen_000052,top_0052
kafka_broker,consumer_21,MESSAGE_QUEUE,8.0,low,scen_000052,top_0052
kafka_broker,consumer_22,MESSAGE_QUEUE,8.0,low,scen_000052,top_0052
kafka_broker,consumer_23,MESSAGE_QUEUE,8.0,low,scen_000052,top_0052
notif_01,db_event,DATABASE,15.0,high,scen_000052,top_0052
consumer_1,db_event,DATABASE,10.0,low,scen_000052,top_0052
consumer_2,db_event,DATABASE,10.0,low,scen_000052,top_0052
consumer_3,db_event,DATABASE,10.0,low,scen_000052,top_0052
consumer_4,db_event,DATABASE,10.0,low,scen_000052,top_0052
consumer_5,db_event,DATABASE,10.0,low,scen_000052,top_0052
consumer_6,db_event,DATABASE,10.0,low,scen_000052,top_0052
consumer_7,db_event,DATABASE,10.0,low,scen_000052,top_0052
consumer_8,db_event,DATABASE,10.0,low,scen_000052,top_0052
consumer_9,db_event,DATABASE,10.0,low,scen_000052,top_0052
consumer_10,db_event,DATABASE,10.0,low,scen_000052,top_0052
consumer_11,db_event,DATABASE,10.0,low,scen_000052,top_0052
consumer_12,db_event,DATABASE,10.0,low,scen_000052,top_0052
consumer_13,db_event,DATABASE,10.0,low,scen_000052,top_0052
consumer_14,db_event,DATABASE,10.0,low,scen_000052,top_0052
consumer_15,db_event,DATABASE,10.0,low,scen_000052,top_0052
consumer_16,db_event,DATABASE,10.0,low,scen_000052,top_0052
consumer_17,db_event,DATABASE,10.0,low,scen_000052,top_0052
consumer_18,db_event,DATABASE,10.0,low,scen_000052,top_0052
consumer_19,db_event,DATABASE,10.0,low,scen_000052,top_0052
consumer_20,db_event,DATABASE,10.0,low,scen_000052,top_0052
consumer_21,db_event,DATABASE,10.0,low,scen_000052,top_0052
consumer_22,db_event,DATABASE,10.0,low,scen_000052,top_0052
consumer_23,db_event,DATABASE,10.0,low,scen_000052,top_0052
node_00,node_01,DATABASE,13.16935042463372,medium,scen_000062,top_0062
node_00,node_03,CACHE,14.62163907220953,medium,scen_000062,top_0062
node_01,node_02,CACHE,31.35296797716467,medium,scen_000062,top_0062
node_01,node_04,HTTP,10.16453575002121,medium,scen_000062,top_0062
node_02,node_04,HTTP,10.0,low,scen_000062,top_0062
node_02,node_06,CACHE,10.0,low,scen_000062,top_0062
node_03,node_05,HTTP,24.95573696833585,medium,scen_000062,top_0062
node_04,node_11,STORAGE,15.101616001820366,medium,scen_000062,top_0062
node_04,node_10,DNS,10.0,low,scen_000062,top_0062
node_05,node_06,DNS,17.179814811578467,medium,scen_000062,top_0062
node_05,node_07,DNS,19.500006846167107,medium,scen_000062,top_0062
node_05,node_08,HTTP,30.55524579687525,medium,scen_000062,top_0062
node_05,node_09,HTTP,3.496993955926626,medium,scen_000062,top_0062
node_06,node_12,DNS,10.0,low,scen_000062,top_0062
node_07,node_10,HTTP,28.12022016640442,medium,scen_000062,top_0062
node_08,node_10,HTTP,10.0,low,scen_000062,top_0062
node_08,node_04,DNS,10.0,low,scen_000062,top_0062
node_08,node_00,TCP,10.0,low,scen_000062,top_0062
node_10,node_12,DNS,19.30149347848833,medium,scen_000062,top_0062
node_10,node_09,STORAGE,10.0,low,scen_000062,top_0062
node_10,node_02,CACHE,10.0,low,scen_000062,top_0062
node_11,node_10,STORAGE,10.0,low,scen_000062,top_0062
node_11,node_01,HTTP,10.0,low,scen_000062,top_0062
ingest_01,kafka_broker,MESSAGE_QUEUE,5.0,critical,scen_000065,top_0065
kafka_broker,notif_01,MESSAGE_QUEUE,10.0,high,scen_000065,top_0065
kafka_broker,user_01,MESSAGE_QUEUE,12.0,medium,scen_000065,top_0065
kafka_broker,consumer_1,MESSAGE_QUEUE,8.0,low,scen_000065,top_0065
kafka_broker,consumer_2,MESSAGE_QUEUE,8.0,low,scen_000065,top_0065
kafka_broker,consumer_3,MESSAGE_QUEUE,8.0,low,scen_000065,top_0065
kafka_broker,consumer_4,MESSAGE_QUEUE,8.0,low,scen_000065,top_0065
kafka_broker,consumer_5,MESSAGE_QUEUE,8.0,low,scen_000065,top_0065
kafka_broker,consumer_6,MESSAGE_QUEUE,8.0,low,scen_000065,top_0065
kafka_broker,consumer_7,MESSAGE_QUEUE,8.0,low,scen_000065,top_0065
kafka_broker,consumer_8,MESSAGE_QUEUE,8.0,low,scen_000065,top_0065
kafka_broker,consumer_9,MESSAGE_QUEUE,8.0,low,scen_000065,top_0065
kafka_broker,consumer_10,MESSAGE_QUEUE,8.0,low,scen_000065,top_0065
kafka_broker,consumer_11,MESSAGE_QUEUE,8.0,low,scen_000065,top_0065
kafka_broker,consumer_12,MESSAGE_QUEUE,8.0,low,scen_000065,top_0065
kafka_broker,consumer_13,MESSAGE_QUEUE,8.0,low,scen_000065,top_0065
kafka_broker,consumer_14,MESSAGE_QUEUE,8.0,low,scen_000065,top_0065
kafka_broker,consumer_15,MESSAGE_QUEUE,8.0,low,scen_000065,top_0065
kafka_broker,consumer_16,MESSAGE_QUEUE,8.0,low,scen_000065,top_0065
kafka_broker,consumer_17,MESSAGE_QUEUE,8.0,low,scen_000065,top_0065
kafka_broker,consumer_18,MESSAGE_QUEUE,8.0,low,scen_000065,top_0065
kafka_broker,consumer_19,MESSAGE_QUEUE,8.0,low,scen_000065,top_0065
notif_01,db_event,DATABASE,15.0,high,scen_000065,top_0065
consumer_1,db_event,DATABASE,10.0,low,scen_000065,top_0065
consumer_2,db_event,DATABASE,10.0,low,scen_000065,top_0065
consumer_3,db_event,DATABASE,10.0,low,scen_000065,top_0065
consumer_4,db_event,DATABASE,10.0,low,scen_000065,top_0065
consumer_5,db_event,DATABASE,10.0,low,scen_000065,top_0065
consumer_6,db_event,DATABASE,10.0,low,scen_000065,top_0065
consumer_7,db_event,DATABASE,10.0,low,scen_000065,top_0065
consumer_8,db_event,DATABASE,10.0,low,scen_000065,top_0065
consumer_9,db_event,DATABASE,10.0,low,scen_000065,top_0065
consumer_10,db_event,DATABASE,10.0,low,scen_000065,top_0065
consumer_11,db_event,DATABASE,10.0,low,scen_000065,top_0065
consumer_12,db_event,DATABASE,10.0,low,scen_000065,top_0065
consumer_13,db_event,DATABASE,10.0,low,scen_000065,top_0065
consumer_14,db_event,DATABASE,10.0,low,scen_000065,top_0065
consumer_15,db_event,DATABASE,10.0,low,scen_000065,top_0065
consumer_16,db_event,DATABASE,10.0,low,scen_000065,top_0065
consumer_17,db_event,DATABASE,10.0,low,scen_000065,top_0065
consumer_18,db_event,DATABASE,10.0,low,scen_000065,top_0065
consumer_19,db_event,DATABASE,10.0,low,scen_000065,top_0065
ingest_01,kafka_broker,MESSAGE_QUEUE,5.0,critical,scen_000067,top_0067
kafka_broker,notif_01,MESSAGE_QUEUE,10.0,high,scen_000067,top_0067
kafka_broker,user_01,MESSAGE_QUEUE,12.0,medium,scen_000067,top_0067
kafka_broker,consumer_1,MESSAGE_QUEUE,8.0,low,scen_000067,top_0067
kafka_broker,consumer_2,MESSAGE_QUEUE,8.0,low,scen_000067,top_0067
kafka_broker,consumer_3,MESSAGE_QUEUE,8.0,low,scen_000067,top_0067
kafka_broker,consumer_4,MESSAGE_QUEUE,8.0,low,scen_000067,top_0067
kafka_broker,consumer_5,MESSAGE_QUEUE,8.0,low,scen_000067,top_0067
kafka_broker,consumer_6,MESSAGE_QUEUE,8.0,low,scen_000067,top_0067
notif_01,db_event,DATABASE,15.0,high,scen_000067,top_0067
consumer_1,db_event,DATABASE,10.0,low,scen_000067,top_0067
consumer_2,db_event,DATABASE,10.0,low,scen_000067,top_0067
consumer_3,db_event,DATABASE,10.0,low,scen_000067,top_0067
consumer_4,db_event,DATABASE,10.0,low,scen_000067,top_0067
consumer_5,db_event,DATABASE,10.0,low,scen_000067,top_0067
consumer_6,db_event,DATABASE,10.0,low,scen_000067,top_0067
gw_01,auth_01,HTTP,10.0,high,scen_000068,top_0068
gw_01,order_01,HTTP,15.0,critical,scen_000068,top_0068
gw_01,ecom_aux_1,HTTP,15.0,low,scen_000068,top_0068
gw_01,ecom_aux_2,HTTP,15.0,low,scen_000068,top_0068
gw_01,ecom_aux_3,HTTP,15.0,low,scen_000068,top_0068
gw_01,ecom_aux_4,HTTP,15.0,low,scen_000068,top_0068
gw_01,ecom_aux_5,HTTP,15.0,low,scen_000068,top_0068
gw_01,ecom_aux_6,HTTP,15.0,low,scen_000068,top_0068
gw_01,ecom_aux_7,HTTP,15.0,low,scen_000068,top_0068
gw_01,ecom_aux_8,HTTP,15.0,low,scen_000068,top_0068
gw_01,ecom_aux_9,HTTP,15.0,low,scen_000068,top_0068
gw_01,ecom_aux_10,HTTP,15.0,low,scen_000068,top_0068
gw_01,ecom_aux_11,HTTP,15.0,low,scen_000068,top_0068
gw_01,ecom_aux_12,HTTP,15.0,low,scen_000068,top_0068
gw_01,ecom_aux_13,HTTP,15.0,low,scen_000068,top_0068
gw_01,ecom_aux_14,HTTP,15.0,low,scen_000068,top_0068
gw_01,ecom_aux_15,HTTP,15.0,low,scen_000068,top_0068
gw_01,ecom_aux_16,HTTP,15.0,low,scen_000068,top_0068
gw_01,ecom_aux_17,HTTP,15.0,low,scen_000068,top_0068
gw_01,ecom_aux_18,HTTP,15.0,low,scen_000068,top_0068
gw_01,ecom_aux_19,HTTP,15.0,low,scen_000068,top_0068
gw_01,ecom_aux_20,HTTP,15.0,low,scen_000068,top_0068
gw_01,ecom_aux_21,HTTP,15.0,low,scen_000068,top_0068
gw_01,ecom_aux_22,HTTP,15.0,low,scen_000068,top_0068
order_01,pay_01,HTTP,25.0,critical,scen_000068,top_0068
order_01,inv_01,HTTP,20.0,high,scen_000068,top_0068
order_01,cache_01,CACHE,3.0,high,scen_000068,top_0068
order_01,mq_01,MESSAGE_QUEUE,5.0,medium,scen_000068,top_0068
pay_01,db_master,DATABASE,10.0,critical,scen_000068,top_0068
inv_01,db_master,DATABASE,12.0,high,scen_000068,top_0068
ecom_aux_1,cache_01,CACHE,4.0,low,scen_000068,top_0068
ecom_aux_2,cache_01,CACHE,4.0,low,scen_000068,top_0068
ecom_aux_3,cache_01,CACHE,4.0,low,scen_000068,top_0068
ecom_aux_4,cache_01,CACHE,4.0,low,scen_000068,top_0068
ecom_aux_5,cache_01,CACHE,4.0,low,scen_000068,top_0068
ecom_aux_6,cache_01,CACHE,4.0,low,scen_000068,top_0068
ecom_aux_7,cache_01,CACHE,4.0,low,scen_000068,top_0068
ecom_aux_8,cache_01,CACHE,4.0,low,scen_000068,top_0068
ecom_aux_9,cache_01,CACHE,4.0,low,scen_000068,top_0068
ecom_aux_10,cache_01,CACHE,4.0,low,scen_000068,top_0068
ecom_aux_11,cache_01,CACHE,4.0,low,scen_000068,top_0068
ecom_aux_12,cache_01,CACHE,4.0,low,scen_000068,top_0068
ecom_aux_13,cache_01,CACHE,4.0,low,scen_000068,top_0068
ecom_aux_14,cache_01,CACHE,4.0,low,scen_000068,top_0068
ecom_aux_15,cache_01,CACHE,4.0,low,scen_000068,top_0068
ecom_aux_16,cache_01,CACHE,4.0,low,scen_000068,top_0068
ecom_aux_17,cache_01,CACHE,4.0,low,scen_000068,top_0068
ecom_aux_18,cache_01,CACHE,4.0,low,scen_000068,top_0068
ecom_aux_19,cache_01,CACHE,4.0,low,scen_000068,top_0068
ecom_aux_20,cache_01,CACHE,4.0,low,scen_000068,top_0068
ecom_aux_21,cache_01,CACHE,4.0,low,scen_000068,top_0068
ecom_aux_22,cache_01,CACHE,4.0,low,scen_000068,top_0068
gw_01,auth_01,HTTP,10.0,high,scen_000070,top_0070
gw_01,order_01,HTTP,15.0,critical,scen_000070,top_0070
gw_01,ecom_aux_1,HTTP,15.0,low,scen_000070,top_0070
gw_01,ecom_aux_2,HTTP,15.0,low,scen_000070,top_0070
gw_01,ecom_aux_3,HTTP,15.0,low,scen_000070,top_0070
gw_01,ecom_aux_4,HTTP,15.0,low,scen_000070,top_0070
gw_01,ecom_aux_5,HTTP,15.0,low,scen_000070,top_0070
order_01,pay_01,HTTP,25.0,critical,scen_000070,top_0070
order_01,inv_01,HTTP,20.0,high,scen_000070,top_0070
order_01,cache_01,CACHE,3.0,high,scen_000070,top_0070
order_01,mq_01,MESSAGE_QUEUE,5.0,medium,scen_000070,top_0070
pay_01,db_master,DATABASE,10.0,critical,scen_000070,top_0070
inv_01,db_master,DATABASE,12.0,high,scen_000070,top_0070
ecom_aux_1,cache_01,CACHE,4.0,low,scen_000070,top_0070
ecom_aux_2,cache_01,CACHE,4.0,low,scen_000070,top_0070
ecom_aux_3,cache_01,CACHE,4.0,low,scen_000070,top_0070
ecom_aux_4,cache_01,CACHE,4.0,low,scen_000070,top_0070
ecom_aux_5,cache_01,CACHE,4.0,low,scen_000070,top_0070
node_00,node_01,DNS,9.05941850887516,medium,scen_000071,top_0071
node_00,node_02,HTTP,9.44682869052673,medium,scen_000071,top_0071
node_00,node_04,CACHE,19.58579382946248,medium,scen_000071,top_0071
node_00,node_24,DATABASE,22.309910061880384,medium,scen_000071,top_0071
node_01,node_03,DNS,12.233282556744657,medium,scen_000071,top_0071
node_01,node_08,DNS,25.79668858907687,medium,scen_000071,top_0071
node_01,node_13,TCP,20.435714492933645,medium,scen_000071,top_0071
node_01,node_15,TCP,5.083683783741902,medium,scen_000071,top_0071
node_01,node_02,STORAGE,10.0,low,scen_000071,top_0071
node_01,node_07,TCP,10.0,low,scen_000071,top_0071
node_01,node_18,DATABASE,10.0,low,scen_000071,top_0071
node_01,node_14,HTTP,10.0,low,scen_000071,top_0071
node_02,node_16,STORAGE,25.606186396987017,medium,scen_000071,top_0071
node_03,node_05,CACHE,17.63932022259022,medium,scen_000071,top_0071
node_03,node_06,TCP,27.75561619458376,medium,scen_000071,top_0071
node_03,node_07,DATABASE,29.56374118989306,medium,scen_000071,top_0071
node_03,node_14,CACHE,10.0,low,scen_000071,top_0071
node_04,node_09,STORAGE,30.952555581078343,medium,scen_000071,top_0071
node_04,node_22,DATABASE,11.6039770858015,medium,scen_000071,top_0071
node_05,node_11,DATABASE,5.15980553982418,medium,scen_000071,top_0071
node_05,node_17,DNS,16.521690687693674,medium,scen_000071,top_0071
node_06,node_18,DATABASE,10.0,low,scen_000071,top_0071
node_07,node_06,DNS,10.0,low,scen_000071,top_0071
node_07,node_27,STORAGE,10.0,low,scen_000071,top_0071
node_08,node_10,DNS,24.331288076016016,medium,scen_000071,top_0071
node_08,node_14,STORAGE,20.42544317550016,medium,scen_000071,top_0071
node_08,node_18,CACHE,2.126485421094007,medium,scen_000071,top_0071
node_08,node_26,CACHE,10.0,low,scen_000071,top_0071
node_08,node_22,TCP,10.0,low,scen_000071,top_0071
node_08,node_25,HTTP,10.0,low,scen_000071,top_0071
node_09,node_12,DNS,9.605175180504064,medium,scen_000071,top_0071
node_09,node_19,STORAGE,4.800638967772933,medium,scen_000071,top_0071
node_10,node_21,DNS,19.38245800999147,medium,scen_000071,top_0071
node_10,node_23,HTTP,21.20792138700776,medium,scen_000071,top_0071
node_10,node_11,HTTP,10.0,low,scen_000071,top_0071
node_11,node_25,DNS,13.43326284285444,medium,scen_000071,top_0071
node_11,node_32,HTTP,24.856035443715637,medium,scen_000071,top_0071
node_11,node_21,CACHE,10.0,low,scen_000071,top_0071
node_12,node_14,STORAGE,10.0,low,scen_000071,top_0071
node_13,node_27,HTTP,12.240749971385693,medium,scen_000071,top_0071
node_15,node_30,HTTP,17.33550659420369,medium,scen_000071,top_0071
node_15,node_11,DATABASE,10.0,low,scen_000071,top_0071
node_15,node_26,STORAGE,10.0,low,scen_000071,top_0071
node_15,node_10,CACHE,10.0,low,scen_000071,top_0071
node_16,node_20,TCP,5.978906796403932,medium,scen_000071,top_0071
node_17,node_28,HTTP,29.65348896039252,medium,scen_000071,top_0071
node_17,node_09,MESSAGE_QUEUE,10.0,low,scen_000071,top_0071
node_17,node_15,STORAGE,10.0,low,scen_000071,top_0071
node_20,node_22,CACHE,10.0,low,scen_000071,top_0071
node_22,node_26,STORAGE,4.517139468636662,medium,scen_000071,top_0071
node_22,node_27,DNS,10.0,low,scen_000071,top_0071
node_22,node_00,DNS,10.0,low,scen_000071,top_0071
node_23,node_29,DATABASE,20.559934213201917,medium,scen_000071,top_0071
node_23,node_31,STORAGE,28.04500550554202,medium,scen_000071,top_0071
node_24,node_05,MESSAGE_QUEUE,10.0,low,scen_000071,top_0071
node_25,node_07,DATABASE,10.0,low,scen_000071,top_0071
node_26,node_08,DNS,10.0,low,scen_000071,top_0071
node_27,node_01,TCP,10.0,low,scen_000071,top_0071
node_28,node_19,MESSAGE_QUEUE,10.0,low,scen_000071,top_0071
node_29,node_05,CACHE,10.0,low,scen_000071,top_0071
node_30,node_20,TCP,10.0,low,scen_000071,top_0071
node_31,node_00,HTTP,10.0,low,scen_000071,top_0071
node_31,node_29,CACHE,10.0,low,scen_000071,top_0071
ingest_01,kafka_broker,MESSAGE_QUEUE,5.0,critical,scen_000075,top_0075
kafka_broker,notif_01,MESSAGE_QUEUE,10.0,high,scen_000075,top_0075
kafka_broker,user_01,MESSAGE_QUEUE,12.0,medium,scen_000075,top_0075
kafka_broker,consumer_1,MESSAGE_QUEUE,8.0,low,scen_000075,top_0075
kafka_broker,consumer_2,MESSAGE_QUEUE,8.0,low,scen_000075,top_0075
kafka_broker,consumer_3,MESSAGE_QUEUE,8.0,low,scen_000075,top_0075
kafka_broker,consumer_4,MESSAGE_QUEUE,8.0,low,scen_000075,top_0075
kafka_broker,consumer_5,MESSAGE_QUEUE,8.0,low,scen_000075,top_0075
kafka_broker,consumer_6,MESSAGE_QUEUE,8.0,low,scen_000075,top_0075
kafka_broker,consumer_7,MESSAGE_QUEUE,8.0,low,scen_000075,top_0075
kafka_broker,consumer_8,MESSAGE_QUEUE,8.0,low,scen_000075,top_0075
kafka_broker,consumer_9,MESSAGE_QUEUE,8.0,low,scen_000075,top_0075
kafka_broker,consumer_10,MESSAGE_QUEUE,8.0,low,scen_000075,top_0075
kafka_broker,consumer_11,MESSAGE_QUEUE,8.0,low,scen_000075,top_0075
kafka_broker,consumer_12,MESSAGE_QUEUE,8.0,low,scen_000075,top_0075
kafka_broker,consumer_13,MESSAGE_QUEUE,8.0,low,scen_000075,top_0075
kafka_broker,consumer_14,MESSAGE_QUEUE,8.0,low,scen_000075,top_0075
kafka_broker,consumer_15,MESSAGE_QUEUE,8.0,low,scen_000075,top_0075
kafka_broker,consumer_16,MESSAGE_QUEUE,8.0,low,scen_000075,top_0075
kafka_broker,consumer_17,MESSAGE_QUEUE,8.0,low,scen_000075,top_0075
kafka_broker,consumer_18,MESSAGE_QUEUE,8.0,low,scen_000075,top_0075
kafka_broker,consumer_19,MESSAGE_QUEUE,8.0,low,scen_000075,top_0075
kafka_broker,consumer_20,MESSAGE_QUEUE,8.0,low,scen_000075,top_0075
kafka_broker,consumer_21,MESSAGE_QUEUE,8.0,low,scen_000075,top_0075
kafka_broker,consumer_22,MESSAGE_QUEUE,8.0,low,scen_000075,top_0075
kafka_broker,consumer_23,MESSAGE_QUEUE,8.0,low,scen_000075,top_0075
kafka_broker,consumer_24,MESSAGE_QUEUE,8.0,low,scen_000075,top_0075
kafka_broker,consumer_25,MESSAGE_QUEUE,8.0,low,scen_000075,top_0075
kafka_broker,consumer_26,MESSAGE_QUEUE,8.0,low,scen_000075,top_0075
kafka_broker,consumer_27,MESSAGE_QUEUE,8.0,low,scen_000075,top_0075
kafka_broker,consumer_28,MESSAGE_QUEUE,8.0,low,scen_000075,top_0075
kafka_broker,consumer_29,MESSAGE_QUEUE,8.0,low,scen_000075,top_0075
notif_01,db_event,DATABASE,15.0,high,scen_000075,top_0075
consumer_1,db_event,DATABASE,10.0,low,scen_000075,top_0075
consumer_2,db_event,DATABASE,10.0,low,scen_000075,top_0075
consumer_3,db_event,DATABASE,10.0,low,scen_000075,top_0075
consumer_4,db_event,DATABASE,10.0,low,scen_000075,top_0075
consumer_5,db_event,DATABASE,10.0,low,scen_000075,top_0075
consumer_6,db_event,DATABASE,10.0,low,scen_000075,top_0075
consumer_7,db_event,DATABASE,10.0,low,scen_000075,top_0075
consumer_8,db_event,DATABASE,10.0,low,scen_000075,top_0075
consumer_9,db_event,DATABASE,10.0,low,scen_000075,top_0075
consumer_10,db_event,DATABASE,10.0,low,scen_000075,top_0075
consumer_11,db_event,DATABASE,10.0,low,scen_000075,top_0075
consumer_12,db_event,DATABASE,10.0,low,scen_000075,top_0075
consumer_13,db_event,DATABASE,10.0,low,scen_000075,top_0075
consumer_14,db_event,DATABASE,10.0,low,scen_000075,top_0075
consumer_15,db_event,DATABASE,10.0,low,scen_000075,top_0075
consumer_16,db_event,DATABASE,10.0,low,scen_000075,top_0075
consumer_17,db_event,DATABASE,10.0,low,scen_000075,top_0075
consumer_18,db_event,DATABASE,10.0,low,scen_000075,top_0075
consumer_19,db_event,DATABASE,10.0,low,scen_000075,top_0075
consumer_20,db_event,DATABASE,10.0,low,scen_000075,top_0075
consumer_21,db_event,DATABASE,10.0,low,scen_000075,top_0075
consumer_22,db_event,DATABASE,10.0,low,scen_000075,top_0075
consumer_23,db_event,DATABASE,10.0,low,scen_000075,top_0075
consumer_24,db_event,DATABASE,10.0,low,scen_000075,top_0075
consumer_25,db_event,DATABASE,10.0,low,scen_000075,top_0075
consumer_26,db_event,DATABASE,10.0,low,scen_000075,top_0075
consumer_27,db_event,DATABASE,10.0,low,scen_000075,top_0075
consumer_28,db_event,DATABASE,10.0,low,scen_000075,top_0075
consumer_29,db_event,DATABASE,10.0,low,scen_000075,top_0075
gw_01,auth_01,HTTP,12.0,high,scen_000076,top_0076
gw_01,web_01,HTTP,15.0,high,scen_000076,top_0076
lb_01,gw_01,HTTP,5.0,critical,scen_000076,top_0076
auth_01,db_01,DATABASE,8.0,critical,scen_000076,top_0076
web_01,db_01,DATABASE,10.0,critical,scen_000076,top_0076
web_01,sub_svc_2,HTTP,10.0,low,scen_000076,top_0076
web_01,sub_svc_3,HTTP,10.0,low,scen_000076,top_0076
web_01,sub_svc_4,HTTP,10.0,low,scen_000076,top_0076
web_01,sub_svc_5,HTTP,10.0,low,scen_000076,top_0076
web_01,sub_svc_6,HTTP,10.0,low,scen_000076,top_0076
web_01,sub_svc_7,HTTP,10.0,low,scen_000076,top_0076
web_01,sub_svc_8,HTTP,10.0,low,scen_000076,top_0076
web_01,sub_svc_9,HTTP,10.0,low,scen_000076,top_0076
web_01,sub_svc_10,HTTP,10.0,low,scen_000076,top_0076
web_01,sub_svc_11,HTTP,10.0,low,scen_000076,top_0076
web_01,sub_svc_12,HTTP,10.0,low,scen_000076,top_0076
web_01,sub_svc_13,HTTP,10.0,low,scen_000076,top_0076
web_01,sub_svc_14,HTTP,10.0,low,scen_000076,top_0076
web_01,sub_svc_15,HTTP,10.0,low,scen_000076,top_0076
web_01,sub_svc_16,HTTP,10.0,low,scen_000076,top_0076
web_01,sub_svc_17,HTTP,10.0,low,scen_000076,top_0076
web_01,sub_svc_18,HTTP,10.0,low,scen_000076,top_0076
web_01,sub_svc_19,HTTP,10.0,low,scen_000076,top_0076
web_01,sub_svc_20,HTTP,10.0,low,scen_000076,top_0076
sub_svc_2,db_01,DATABASE,12.0,medium,scen_000076,top_0076
sub_svc_3,db_01,DATABASE,12.0,medium,scen_000076,top_0076
sub_svc_4,db_01,DATABASE,12.0,medium,scen_000076,top_0076
sub_svc_5,db_01,DATABASE,12.0,medium,scen_000076,top_0076
sub_svc_6,db_01,DATABASE,12.0,medium,scen_000076,top_0076
sub_svc_7,db_01,DATABASE,12.0,medium,scen_000076,top_0076
sub_svc_8,db_01,DATABASE,12.0,medium,scen_000076,top_0076
sub_svc_9,db_01,DATABASE,12.0,medium,scen_000076,top_0076
sub_svc_10,db_01,DATABASE,12.0,medium,scen_000076,top_0076
sub_svc_11,db_01,DATABASE,12.0,medium,scen_000076,top_0076
sub_svc_12,db_01,DATABASE,12.0,medium,scen_000076,top_0076
sub_svc_13,db_01,DATABASE,12.0,medium,scen_000076,top_0076
sub_svc_14,db_01,DATABASE,12.0,medium,scen_000076,top_0076
sub_svc_15,db_01,DATABASE,12.0,medium,scen_000076,top_0076
sub_svc_16,db_01,DATABASE,12.0,medium,scen_000076,top_0076
sub_svc_17,db_01,DATABASE,12.0,medium,scen_000076,top_0076
sub_svc_18,db_01,DATABASE,12.0,medium,scen_000076,top_0076
sub_svc_19,db_01,DATABASE,12.0,medium,scen_000076,top_0076
sub_svc_20,db_01,DATABASE,12.0,medium,scen_000076,top_0076
gw_01,auth_01,HTTP,12.0,high,scen_000077,top_0077
gw_01,web_01,HTTP,15.0,high,scen_000077,top_0077
lb_01,gw_01,HTTP,5.0,critical,scen_000077,top_0077
auth_01,db_01,DATABASE,8.0,critical,scen_000077,top_0077
web_01,db_01,DATABASE,10.0,critical,scen_000077,top_0077
web_01,sub_svc_2,HTTP,10.0,low,scen_000077,top_0077
web_01,sub_svc_3,HTTP,10.0,low,scen_000077,top_0077
web_01,sub_svc_4,HTTP,10.0,low,scen_000077,top_0077
web_01,sub_svc_5,HTTP,10.0,low,scen_000077,top_0077
sub_svc_2,db_01,DATABASE,12.0,medium,scen_000077,top_0077
sub_svc_3,db_01,DATABASE,12.0,medium,scen_000077,top_0077
sub_svc_4,db_01,DATABASE,12.0,medium,scen_000077,top_0077
sub_svc_5,db_01,DATABASE,12.0,medium,scen_000077,top_0077
node_00,node_01,DNS,12.869599531608422,medium,scen_000079,top_0079
node_00,node_02,STORAGE,9.173306561280896,medium,scen_000079,top_0079
node_00,node_03,DATABASE,5.810683003883689,medium,scen_000079,top_0079
node_01,node_05,HTTP,2.7528546773079894,medium,scen_000079,top_0079
node_01,node_00,HTTP,10.0,low,scen_000079,top_0079
node_02,node_04,DATABASE,13.600162325862,medium,scen_000079,top_0079
node_02,node_07,CACHE,2.384194751572434,medium,scen_000079,top_0079
node_02,node_03,MESSAGE_QUEUE,10.0,low,scen_000079,top_0079
node_03,node_02,HTTP,10.0,low,scen_000079,top_0079
node_03,node_05,MESSAGE_QUEUE,10.0,low,scen_000079,top_0079
node_05,node_06,STORAGE,11.344319195430998,medium,scen_000079,top_0079
node_05,node_02,DNS,10.0,low,scen_000079,top_0079
node_06,node_08,TCP,23.884811183103604,medium,scen_000079,top_0079
node_06,node_10,DNS,20.70226784930909,medium,scen_000079,top_0079
node_08,node_09,STORAGE,34.788751023430734,medium,scen_000079,top_0079
node_09,node_06,HTTP,10.0,low,scen_000079,top_0079
node_10,node_00,TCP,10.0,low,scen_000079,top_0079
node_10,node_02,DNS,10.0,low,scen_000079,top_0079
node_10,node_03,CACHE,10.0,low,scen_000079,top_0079
node_00,node_01,CACHE,28.52081914324905,medium,scen_000082,top_0082
node_00,node_02,TCP,3.521943045558644,medium,scen_000082,top_0082
node_00,node_10,MESSAGE_QUEUE,21.4800031874476,medium,scen_000082,top_0082
node_00,node_25,MESSAGE_QUEUE,10.0,low,scen_000082,top_0082
node_00,node_26,HTTP,10.0,low,scen_000082,top_0082
node_01,node_03,CACHE,21.357152492510444,medium,scen_000082,top_0082
node_01,node_04,DATABASE,23.06267411423756,medium,scen_000082,top_0082
node_01,node_07,CACHE,2.344214780065278,medium,scen_000082,top_0082
node_01,node_18,DATABASE,2.6247094982190498,medium,scen_000082,top_0082
node_01,node_20,STORAGE,11.448506392693709,medium,scen_000082,top_0082
node_01,node_21,TCP,2.5105777045190023,medium,scen_000082,top_0082
node_01,node_22,TCP,7.953632504782119,medium,scen_000082,top_0082
node_01,node_24,DATABASE,28.07340958106218,medium,scen_000082,top_0082
node_03,node_05,MESSAGE_QUEUE,23.129850846649173,medium,scen_000082,top_0082
node_03,node_06,HTTP,24.01645185216087,medium,scen_000082,top_0082
node_03,node_09,DATABASE,17.999940480321502,medium,scen_000082,top_0082
node_03,node_02,DNS,10.0,low,scen_000082,top_0082
node_05,node_11,DATABASE,33.33302969639182,medium,scen_000082,top_0082
node_05,node_27,CACHE,10.0,low,scen_000082,top_0082
node_05,node_04,DNS,10.0,low,scen_000082,top_0082
node_05,node_07,CACHE,10.0,low,scen_000082,top_0082
node_05,node_02,MESSAGE_QUEUE,10.0,low,scen_000082,top_0082
node_06,node_11,HTTP,10.0,low,scen_000082,top_0082
node_07,node_08,CACHE,27.515966554729232,medium,scen_000082,top_0082
node_07,node_12,MESSAGE_QUEUE,7.6934559306257935,medium,scen_000082,top_0082
node_08,node_13,STORAGE,18.99098476483688,medium,scen_000082,top_0082
node_08,node_10,DNS,10.0,low,scen_000082,top_0082
node_08,node_20,CACHE,10.0,low,scen_000082,top_0082
node_09,node_15,TCP,28.15947933434549,medium,scen_000082,top_0082
node_09,node_16,DATABASE,10.0,low,scen_000082,top_0082
node_09,node_11,DNS,10.0,low,scen_000082,top_0082
node_10,node_16,TCP,5.52375453862617,medium,scen_000082,top_0082
node_11,node_20,TCP,10.0,low,scen_000082,top_0082
node_12,node_14,MESSAGE_QUEUE,14.140026263586346,medium,scen_000082,top_0082
node_12,node_05,TCP,10.0,low,scen_000082,top_0082
node_12,node_20,TCP,10.0,low,scen_000082,top_0082
node_13,node_23,HTTP,10.0,low,scen_000082,top_0082
node_14,node_17,HTTP,12.431482334647486,medium,scen_000082,top_0082
node_14,node_19,MESSAGE_QUEUE,16.057511340138724,medium,scen_000082,top_0082
node_14,node_09,TCP,10.0,low,scen_000082,top_0082
node_16,node_08,CACHE,10.0,low,scen_000082,top_0082
node_16,node_01,DATABASE,10.0,low,scen_000082,top_0082
node_16,node_00,TCP,10.0,low,scen_000082,top_0082
node_18,node_24,MESSAGE_QUEUE,10.0,low,scen_000082,top_0082
node_18,node_11,TCP,10.0,low,scen_000082,top_0082
node_19,node_27,TCP,33.97091887706517,medium,scen_000082,top_0082
node_19,node_01,DATABASE,10.0,low,scen_000082,top_0082
node_19,node_20,DATABASE,10.0,low,scen_000082,top_0082
node_22,node_23,TCP,5.378332019959361,medium,scen_000082,top_0082
node_22,node_25,TCP,10.332465307171468,medium,scen_000082,top_0082
node_23,node_26,STORAGE,22.47832412740432,medium,scen_000082,top_0082
node_23,node_07,TCP,10.0,low,scen_000082,top_0082
node_24,node_28,MESSAGE_QUEUE,4.998987453514902,medium,scen_000082,top_0082
node_24,node_11,DATABASE,10.0,low,scen_000082,top_0082
ingest_01,kafka_broker,MESSAGE_QUEUE,5.0,critical,scen_000083,top_0083
kafka_broker,notif_01,MESSAGE_QUEUE,10.0,high,scen_000083,top_0083
kafka_broker,user_01,MESSAGE_QUEUE,12.0,medium,scen_000083,top_0083
kafka_broker,consumer_1,MESSAGE_QUEUE,8.0,low,scen_000083,top_0083
kafka_broker,consumer_2,MESSAGE_QUEUE,8.0,low,scen_000083,top_0083
kafka_broker,consumer_3,MESSAGE_QUEUE,8.0,low,scen_000083,top_0083
kafka_broker,consumer_4,MESSAGE_QUEUE,8.0,low,scen_000083,top_0083
kafka_broker,consumer_5,MESSAGE_QUEUE,8.0,low,scen_000083,top_0083
kafka_broker,consumer_6,MESSAGE_QUEUE,8.0,low,scen_000083,top_0083
kafka_broker,consumer_7,MESSAGE_QUEUE,8.0,low,scen_000083,top_0083
kafka_broker,consumer_8,MESSAGE_QUEUE,8.0,low,scen_000083,top_0083
kafka_broker,consumer_9,MESSAGE_QUEUE,8.0,low,scen_000083,top_0083
kafka_broker,consumer_10,MESSAGE_QUEUE,8.0,low,scen_000083,top_0083
kafka_broker,consumer_11,MESSAGE_QUEUE,8.0,low,scen_000083,top_0083
kafka_broker,consumer_12,MESSAGE_QUEUE,8.0,low,scen_000083,top_0083
kafka_broker,consumer_13,MESSAGE_QUEUE,8.0,low,scen_000083,top_0083
kafka_broker,consumer_14,MESSAGE_QUEUE,8.0,low,scen_000083,top_0083
kafka_broker,consumer_15,MESSAGE_QUEUE,8.0,low,scen_000083,top_0083
kafka_broker,consumer_16,MESSAGE_QUEUE,8.0,low,scen_000083,top_0083
kafka_broker,consumer_17,MESSAGE_QUEUE,8.0,low,scen_000083,top_0083
kafka_broker,consumer_18,MESSAGE_QUEUE,8.0,low,scen_000083,top_0083
kafka_broker,consumer_19,MESSAGE_QUEUE,8.0,low,scen_000083,top_0083
kafka_broker,consumer_20,MESSAGE_QUEUE,8.0,low,scen_000083,top_0083
kafka_broker,consumer_21,MESSAGE_QUEUE,8.0,low,scen_000083,top_0083
kafka_broker,consumer_22,MESSAGE_QUEUE,8.0,low,scen_000083,top_0083
kafka_broker,consumer_23,MESSAGE_QUEUE,8.0,low,scen_000083,top_0083
kafka_broker,consumer_24,MESSAGE_QUEUE,8.0,low,scen_000083,top_0083
kafka_broker,consumer_25,MESSAGE_QUEUE,8.0,low,scen_000083,top_0083
kafka_broker,consumer_26,MESSAGE_QUEUE,8.0,low,scen_000083,top_0083
kafka_broker,consumer_27,MESSAGE_QUEUE,8.0,low,scen_000083,top_0083
kafka_broker,consumer_28,MESSAGE_QUEUE,8.0,low,scen_000083,top_0083
notif_01,db_event,DATABASE,15.0,high,scen_000083,top_0083
consumer_1,db_event,DATABASE,10.0,low,scen_000083,top_0083
consumer_2,db_event,DATABASE,10.0,low,scen_000083,top_0083
consumer_3,db_event,DATABASE,10.0,low,scen_000083,top_0083
consumer_4,db_event,DATABASE,10.0,low,scen_000083,top_0083
consumer_5,db_event,DATABASE,10.0,low,scen_000083,top_0083
consumer_6,db_event,DATABASE,10.0,low,scen_000083,top_0083
consumer_7,db_event,DATABASE,10.0,low,scen_000083,top_0083
consumer_8,db_event,DATABASE,10.0,low,scen_000083,top_0083
consumer_9,db_event,DATABASE,10.0,low,scen_000083,top_0083
consumer_10,db_event,DATABASE,10.0,low,scen_000083,top_0083
consumer_11,db_event,DATABASE,10.0,low,scen_000083,top_0083
consumer_12,db_event,DATABASE,10.0,low,scen_000083,top_0083
consumer_13,db_event,DATABASE,10.0,low,scen_000083,top_0083
consumer_14,db_event,DATABASE,10.0,low,scen_000083,top_0083
consumer_15,db_event,DATABASE,10.0,low,scen_000083,top_0083
consumer_16,db_event,DATABASE,10.0,low,scen_000083,top_0083
consumer_17,db_event,DATABASE,10.0,low,scen_000083,top_0083
consumer_18,db_event,DATABASE,10.0,low,scen_000083,top_0083
consumer_19,db_event,DATABASE,10.0,low,scen_000083,top_0083
consumer_20,db_event,DATABASE,10.0,low,scen_000083,top_0083
consumer_21,db_event,DATABASE,10.0,low,scen_000083,top_0083
consumer_22,db_event,DATABASE,10.0,low,scen_000083,top_0083
consumer_23,db_event,DATABASE,10.0,low,scen_000083,top_0083
consumer_24,db_event,DATABASE,10.0,low,scen_000083,top_0083
consumer_25,db_event,DATABASE,10.0,low,scen_000083,top_0083
consumer_26,db_event,DATABASE,10.0,low,scen_000083,top_0083
consumer_27,db_event,DATABASE,10.0,low,scen_000083,top_0083
consumer_28,db_event,DATABASE,10.0,low,scen_000083,top_0083
ingest_01,kafka_broker,MESSAGE_QUEUE,5.0,critical,scen_000084,top_0084
kafka_broker,notif_01,MESSAGE_QUEUE,10.0,high,scen_000084,top_0084
kafka_broker,user_01,MESSAGE_QUEUE,12.0,medium,scen_000084,top_0084
kafka_broker,consumer_1,MESSAGE_QUEUE,8.0,low,scen_000084,top_0084
kafka_broker,consumer_2,MESSAGE_QUEUE,8.0,low,scen_000084,top_0084
kafka_broker,consumer_3,MESSAGE_QUEUE,8.0,low,scen_000084,top_0084
kafka_broker,consumer_4,MESSAGE_QUEUE,8.0,low,scen_000084,top_0084
kafka_broker,consumer_5,MESSAGE_QUEUE,8.0,low,scen_000084,top_0084
kafka_broker,consumer_6,MESSAGE_QUEUE,8.0,low,scen_000084,top_0084
kafka_broker,consumer_7,MESSAGE_QUEUE,8.0,low,scen_000084,top_0084
kafka_broker,consumer_8,MESSAGE_QUEUE,8.0,low,scen_000084,top_0084
kafka_broker,consumer_9,MESSAGE_QUEUE,8.0,low,scen_000084,top_0084
kafka_broker,consumer_10,MESSAGE_QUEUE,8.0,low,scen_000084,top_0084
kafka_broker,consumer_11,MESSAGE_QUEUE,8.0,low,scen_000084,top_0084
kafka_broker,consumer_12,MESSAGE_QUEUE,8.0,low,scen_000084,top_0084
kafka_broker,consumer_13,MESSAGE_QUEUE,8.0,low,scen_000084,top_0084
kafka_broker,consumer_14,MESSAGE_QUEUE,8.0,low,scen_000084,top_0084
kafka_broker,consumer_15,MESSAGE_QUEUE,8.0,low,scen_000084,top_0084
kafka_broker,consumer_16,MESSAGE_QUEUE,8.0,low,scen_000084,top_0084
kafka_broker,consumer_17,MESSAGE_QUEUE,8.0,low,scen_000084,top_0084
kafka_broker,consumer_18,MESSAGE_QUEUE,8.0,low,scen_000084,top_0084
kafka_broker,consumer_19,MESSAGE_QUEUE,8.0,low,scen_000084,top_0084
notif_01,db_event,DATABASE,15.0,high,scen_000084,top_0084
consumer_1,db_event,DATABASE,10.0,low,scen_000084,top_0084
consumer_2,db_event,DATABASE,10.0,low,scen_000084,top_0084
consumer_3,db_event,DATABASE,10.0,low,scen_000084,top_0084
consumer_4,db_event,DATABASE,10.0,low,scen_000084,top_0084
consumer_5,db_event,DATABASE,10.0,low,scen_000084,top_0084
consumer_6,db_event,DATABASE,10.0,low,scen_000084,top_0084
consumer_7,db_event,DATABASE,10.0,low,scen_000084,top_0084
consumer_8,db_event,DATABASE,10.0,low,scen_000084,top_0084
consumer_9,db_event,DATABASE,10.0,low,scen_000084,top_0084
consumer_10,db_event,DATABASE,10.0,low,scen_000084,top_0084
consumer_11,db_event,DATABASE,10.0,low,scen_000084,top_0084
consumer_12,db_event,DATABASE,10.0,low,scen_000084,top_0084
consumer_13,db_event,DATABASE,10.0,low,scen_000084,top_0084
consumer_14,db_event,DATABASE,10.0,low,scen_000084,top_0084
consumer_15,db_event,DATABASE,10.0,low,scen_000084,top_0084
consumer_16,db_event,DATABASE,10.0,low,scen_000084,top_0084
consumer_17,db_event,DATABASE,10.0,low,scen_000084,top_0084
consumer_18,db_event,DATABASE,10.0,low,scen_000084,top_0084
consumer_19,db_event,DATABASE,10.0,low,scen_000084,top_0084
gw_01,auth_01,HTTP,10.0,high,scen_000087,top_0087
gw_01,order_01,HTTP,15.0,critical,scen_000087,top_0087
gw_01,ecom_aux_1,HTTP,15.0,low,scen_000087,top_0087
gw_01,ecom_aux_2,HTTP,15.0,low,scen_000087,top_0087
gw_01,ecom_aux_3,HTTP,15.0,low,scen_000087,top_0087
gw_01,ecom_aux_4,HTTP,15.0,low,scen_000087,top_0087
gw_01,ecom_aux_5,HTTP,15.0,low,scen_000087,top_0087
gw_01,ecom_aux_6,HTTP,15.0,low,scen_000087,top_0087
gw_01,ecom_aux_7,HTTP,15.0,low,scen_000087,top_0087
gw_01,ecom_aux_8,HTTP,15.0,low,scen_000087,top_0087
gw_01,ecom_aux_9,HTTP,15.0,low,scen_000087,top_0087
gw_01,ecom_aux_10,HTTP,15.0,low,scen_000087,top_0087
gw_01,ecom_aux_11,HTTP,15.0,low,scen_000087,top_0087
order_01,pay_01,HTTP,25.0,critical,scen_000087,top_0087
order_01,inv_01,HTTP,20.0,high,scen_000087,top_0087
order_01,cache_01,CACHE,3.0,high,scen_000087,top_0087
order_01,mq_01,MESSAGE_QUEUE,5.0,medium,scen_000087,top_0087
pay_01,db_master,DATABASE,10.0,critical,scen_000087,top_0087
inv_01,db_master,DATABASE,12.0,high,scen_000087,top_0087
ecom_aux_1,cache_01,CACHE,4.0,low,scen_000087,top_0087
ecom_aux_2,cache_01,CACHE,4.0,low,scen_000087,top_0087
ecom_aux_3,cache_01,CACHE,4.0,low,scen_000087,top_0087
ecom_aux_4,cache_01,CACHE,4.0,low,scen_000087,top_0087
ecom_aux_5,cache_01,CACHE,4.0,low,scen_000087,top_0087
ecom_aux_6,cache_01,CACHE,4.0,low,scen_000087,top_0087
ecom_aux_7,cache_01,CACHE,4.0,low,scen_000087,top_0087
ecom_aux_8,cache_01,CACHE,4.0,low,scen_000087,top_0087
ecom_aux_9,cache_01,CACHE,4.0,low,scen_000087,top_0087
ecom_aux_10,cache_01,CACHE,4.0,low,scen_000087,top_0087
ecom_aux_11,cache_01,CACHE,4.0,low,scen_000087,top_0087
ingest_01,kafka_broker,MESSAGE_QUEUE,5.0,critical,scen_000096,top_0096
kafka_broker,notif_01,MESSAGE_QUEUE,10.0,high,scen_000096,top_0096
kafka_broker,user_01,MESSAGE_QUEUE,12.0,medium,scen_000096,top_0096
kafka_broker,consumer_1,MESSAGE_QUEUE,8.0,low,scen_000096,top_0096
kafka_broker,consumer_2,MESSAGE_QUEUE,8.0,low,scen_000096,top_0096
kafka_broker,consumer_3,MESSAGE_QUEUE,8.0,low,scen_000096,top_0096
kafka_broker,consumer_4,MESSAGE_QUEUE,8.0,low,scen_000096,top_0096
kafka_broker,consumer_5,MESSAGE_QUEUE,8.0,low,scen_000096,top_0096
kafka_broker,consumer_6,MESSAGE_QUEUE,8.0,low,scen_000096,top_0096
kafka_broker,consumer_7,MESSAGE_QUEUE,8.0,low,scen_000096,top_0096
kafka_broker,consumer_8,MESSAGE_QUEUE,8.0,low,scen_000096,top_0096
kafka_broker,consumer_9,MESSAGE_QUEUE,8.0,low,scen_000096,top_0096
kafka_broker,consumer_10,MESSAGE_QUEUE,8.0,low,scen_000096,top_0096
kafka_broker,consumer_11,MESSAGE_QUEUE,8.0,low,scen_000096,top_0096
kafka_broker,consumer_12,MESSAGE_QUEUE,8.0,low,scen_000096,top_0096
kafka_broker,consumer_13,MESSAGE_QUEUE,8.0,low,scen_000096,top_0096
kafka_broker,consumer_14,MESSAGE_QUEUE,8.0,low,scen_000096,top_0096
kafka_broker,consumer_15,MESSAGE_QUEUE,8.0,low,scen_000096,top_0096
kafka_broker,consumer_16,MESSAGE_QUEUE,8.0,low,scen_000096,top_0096
kafka_broker,consumer_17,MESSAGE_QUEUE,8.0,low,scen_000096,top_0096
kafka_broker,consumer_18,MESSAGE_QUEUE,8.0,low,scen_000096,top_0096
kafka_broker,consumer_19,MESSAGE_QUEUE,8.0,low,scen_000096,top_0096
kafka_broker,consumer_20,MESSAGE_QUEUE,8.0,low,scen_000096,top_0096
kafka_broker,consumer_21,MESSAGE_QUEUE,8.0,low,scen_000096,top_0096
kafka_broker,consumer_22,MESSAGE_QUEUE,8.0,low,scen_000096,top_0096
kafka_broker,consumer_23,MESSAGE_QUEUE,8.0,low,scen_000096,top_0096
kafka_broker,consumer_24,MESSAGE_QUEUE,8.0,low,scen_000096,top_0096
kafka_broker,consumer_25,MESSAGE_QUEUE,8.0,low,scen_000096,top_0096
kafka_broker,consumer_26,MESSAGE_QUEUE,8.0,low,scen_000096,top_0096
notif_01,db_event,DATABASE,15.0,high,scen_000096,top_0096
consumer_1,db_event,DATABASE,10.0,low,scen_000096,top_0096
consumer_2,db_event,DATABASE,10.0,low,scen_000096,top_0096
consumer_3,db_event,DATABASE,10.0,low,scen_000096,top_0096
consumer_4,db_event,DATABASE,10.0,low,scen_000096,top_0096
consumer_5,db_event,DATABASE,10.0,low,scen_000096,top_0096
consumer_6,db_event,DATABASE,10.0,low,scen_000096,top_0096
consumer_7,db_event,DATABASE,10.0,low,scen_000096,top_0096
consumer_8,db_event,DATABASE,10.0,low,scen_000096,top_0096
consumer_9,db_event,DATABASE,10.0,low,scen_000096,top_0096
consumer_10,db_event,DATABASE,10.0,low,scen_000096,top_0096
consumer_11,db_event,DATABASE,10.0,low,scen_000096,top_0096
consumer_12,db_event,DATABASE,10.0,low,scen_000096,top_0096
consumer_13,db_event,DATABASE,10.0,low,scen_000096,top_0096
consumer_14,db_event,DATABASE,10.0,low,scen_000096,top_0096
consumer_15,db_event,DATABASE,10.0,low,scen_000096,top_0096
consumer_16,db_event,DATABASE,10.0,low,scen_000096,top_0096
consumer_17,db_event,DATABASE,10.0,low,scen_000096,top_0096
consumer_18,db_event,DATABASE,10.0,low,scen_000096,top_0096
consumer_19,db_event,DATABASE,10.0,low,scen_000096,top_0096
consumer_20,db_event,DATABASE,10.0,low,scen_000096,top_0096
consumer_21,db_event,DATABASE,10.0,low,scen_000096,top_0096
consumer_22,db_event,DATABASE,10.0,low,scen_000096,top_0096
consumer_23,db_event,DATABASE,10.0,low,scen_000096,top_0096
consumer_24,db_event,DATABASE,10.0,low,scen_000096,top_0096
consumer_25,db_event,DATABASE,10.0,low,scen_000096,top_0096
consumer_26,db_event,DATABASE,10.0,low,scen_000096,top_0096
